id,domain,status,purchase_price,renewal_price,attractiveness,demand,length,registrar,created_at,expires_at,status_verified_at
a46cd384-0508-40aa-aabb-ba8635b6a588,democratic.domains,available,42.99,42.99,high,low,10,namesilo,,,24/09/2026 05:46
c2a4c4b9-20d3-4d72-9368-6ab922d397ac,unsworn.domains,available,44.98,53.98,medium,low,7,namecheap,,,12/09/2026 20:53
b68ad152-2915-4fe0-ba17-8f101b8d9e31,logistics.domains,available,42.99,42.99,high,low,9,namesilo,,,25/09/2026 14:40
b476f935-3e55-475f-9f49-066dd9e86bab,owen.domains,available,44.98,53.98,high,low,4,namecheap,,,25/09/2026 09:42
14c087a0-6200-4f21-a8fb-885ca1a1437a,duodecimal.domains,available,19.99,56.99,medium,low,10,name.com,,,14/08/2026 21:19
91bb267d-28a2-4b42-ac00-5e625f29a364,dumas.domains,available,42.99,42.99,medium,low,5,namesilo,,,18/09/2026 05:57
0a1aeeef-b631-4bcc-b2e7-c1754f05c500,palmate.domains,available,42.99,42.99,medium,low,7,namesilo,,,04/09/2026 23:55
57c3c97b-d6a2-4bb0-9245-f564e9187d13,categorial.domains,available,19.99,56.99,medium,low,10,name.com,,,11/08/2026 21:27
75358caa-eaa4-423e-af2f-177a378ced48,adalia.domains,available,42.99,42.99,medium,low,6,namesilo,,,17/09/2026 06:12
bc51ad08-4609-4e41-a699-914cef8fd5ba,sizes.domains,available,42.99,42.99,medium,low,5,namesilo,,,19/09/2026 02:18
93096126-74a7-48a4-b056-e9525df8d208,kokka.domains,available,42.99,42.99,medium,low,5,namesilo,,,08/09/2026 07:02
e19a4611-11b7-46c7-b23e-a87927545d50,almaty.domains,available,42.99,42.99,medium,low,6,namesilo,,,18/09/2026 12:22
9ea45331-68a5-400c-8dca-fed3f5bd31c3,tasking.domains,available,19.99,,high,low,7,name.com,,,
701de22b-1206-43b7-82a4-2b6d6a28d832,apery.domains,available,42.99,42.99,medium,low,5,namesilo,,,19/09/2026 16:43
1ca78ceb-2f75-464a-8a32-460f6a5665e8,clique.domains,available,44.98,53.98,high,low,6,namecheap,,,24/09/2026 15:47
1a0fb1b2-5cb9-4f3b-b31c-0bacc190d83d,fulgurant.domains,available,19.99,56.99,medium,low,9,name.com,,,13/08/2026 18:59
a34df0f6-5cdb-48b1-97ab-4aeecc05d990,ineptitude.domains,available,42.99,42.99,medium,low,10,namesilo,,,21/09/2026 10:06
3787bd3c-847e-4309-83fa-e0df0c3aae9e,deductible.domains,available,19.99,56.99,high,low,10,name.com,,,13/08/2026 22:27
41ea7390-0580-4191-98df-a8be7a8cf49a,provident.domains,available,42.99,42.99,high,low,9,namesilo,,,09/09/2026 04:35
f9200e4f-28df-4383-8fdb-5cc0a4be8073,resolved.domains,available,19.99,,high,low,8,name.com,,,
224d7f5f-b500-4925-9bb8-0a7d66ac8240,gaudi.domains,available,44.98,53.98,medium,low,5,namecheap,,,19/09/2026 15:36
0ae1e7f4-f364-4f82-9e38-dc3966a48aa0,agnatha.domains,available,44.98,53.98,medium,low,7,namecheap,,,17/09/2026 18:31
c63595f2-f318-4081-87ff-a985031e0ee9,living.domains,premium,242,242,high,low,6,namesilo,,,25/09/2026 14:05
6dd27b66-eae8-43c9-bd1e-e64c19b50c8c,scheming.domains,available,19.99,56.99,medium,low,8,name.com,,,11/08/2026 14:03
0f587e53-8fb2-4cc2-8db8-624d55de9258,convincing.domains,available,42.99,42.99,high,low,10,namesilo,,,23/09/2026 22:56
1abec644-fc91-4955-bac6-c4f8ef9f05cf,nurture.domains,available,42.99,42.99,high,low,7,namesilo,,,09/09/2026 11:05
67ddf2e9-f17f-4b27-a76d-794ee522b538,agility.domains,available,44.98,53.98,high,low,7,namecheap,,,17/09/2026 17:49
053a5aa6-bec7-4a49-8f9c-44fbf7d5ec4a,mansard.domains,available,19.99,56.99,medium,low,7,name.com,,,24/08/2026 15:30
a8be2c53-0822-43fc-9673-bb4d56e76591,deciding.domains,available,19.99,56.99,high,low,8,name.com,,,13/08/2026 21:23
7d1450ce-0388-4946-9b13-d80bb3ab330e,ringer.domains,available,44.98,53.98,high,low,6,namecheap,,,23/09/2026 05:42
0bb8930f-523a-401b-9b10-3a0240df6ac5,marsupial.domains,available,19.99,56.99,high,low,9,name.com,,,24/08/2026 16:32
702ff0c5-4b68-44fe-bc4d-492523a80132,sketchy.domains,available,42.99,42.99,high,low,7,namesilo,,,10/09/2026 09:18
7a4f17d3-7c89-47d3-b599-7147de710c08,rente.domains,available,19.99,56.99,medium,low,5,name.com,,,19/09/2026 10:58
25d80174-b75b-4a87-b8ef-4e90340a2069,forests.domains,available,19.99,56.99,medium,low,7,name.com,,,18/09/2026 06:04
ab37f80a-c801-43fa-8f0e-21032c803405,anguish.domains,available,42.99,42.99,medium,low,7,namesilo,,,19/09/2026 07:36
2d17af3d-731a-4f2b-8e7d-39cdcb859680,dignity.domains,available,19.99,,high,low,7,name.com,,,
9a546f46-0a60-4138-b835-75a276f9390c,astrodome.domains,available,42.99,42.99,medium,low,9,namesilo,,,20/09/2026 17:37
7d65b222-0571-45d9-b69a-5a6c2890b506,breathe.domains,available,19.99,,high,low,7,name.com,,,
ee473b89-940e-4f71-a718-029425c27b72,vitrified.domains,available,42.99,42.99,medium,low,9,namesilo,,,13/09/2026 06:20
11d6dabe-6df5-40f4-a93b-493bfd5f148a,carlos.domains,available,44.98,53.98,high,low,6,namecheap,,,19/09/2026 04:37
a49ce5bd-abbe-4041-8e63-f0e21e1f970c,compressed.domains,available,44.98,53.98,high,low,10,namecheap,,,23/09/2026 18:05
6e2b030e-7772-4deb-aba2-a428b7d0e186,bearded.domains,available,19.99,56.99,high,low,7,name.com,,,08/08/2026 16:05
52ad92eb-0211-45d3-9950-c606d373e52f,makes.domains,available,42.99,42.99,high,low,5,namesilo,,,16/09/2026 09:30
73b042c2-d395-4421-a7ff-e1796fa6af65,seats.domains,available,19.99,,high,low,5,name.com,,,
15c9f160-cb52-40be-8d87-6003c64a99d1,mauldin.domains,available,42.99,42.99,medium,low,7,namesilo,,,23/09/2026 16:01
ed1205c0-e40e-404a-9da0-3dd6f3d4899e,cans.domains,available,44.98,53.98,medium,low,4,namecheap,,,18/09/2026 22:47
3bee5ba0-c1a2-4824-9b2a-6468ac90897c,owns.domains,available,42.99,42.99,high,low,4,namesilo,,,18/09/2026 16:37
b290ab0a-0c2e-4c2a-8e51-013a4f702bc2,ding.domains,available,19.99,,high,low,4,name.com,,,
0fd9972c-dbe9-40b0-9f18-e9b9ae044055,dandy.domains,available,19.99,56.99,high,low,5,name.com,,,08/08/2026 12:30
b6994c7f-65fc-4038-a098-a0668bce9cfa,prevent.domains,available,19.99,,high,low,7,name.com,,,
872ae590-73cc-452f-a82b-a28524bb3d1d,advertiser.domains,available,42.99,42.99,high,low,10,namesilo,,,17/09/2026 08:38
0d14e374-4576-4132-be95-05c43d9d5a78,intrigue.domains,available,19.99,,high,low,8,name.com,,,
7ff3e06d-fecb-4b8c-81b5-4537fb6af8d5,antiblack.domains,available,19.99,56.99,low,low,9,name.com,,,
441bfeb8-ea34-4f60-94af-27819e17869a,spanish.domains,available,19.99,,high,low,7,name.com,,,
1bbd6afa-6b0d-42af-9d60-caa100954a30,companion.domains,available,42.99,42.99,high,low,9,namesilo,,,24/09/2026 16:40
bc3ac47c-e38b-4816-8131-b3bfd989ebf3,appreciation.domains,available,19.99,,high,low,12,name.com,,,
b28e3713-a4b0-4b46-88d2-038813f30a7f,illegalize.domains,available,42.99,42.99,medium,low,10,namesilo,,,04/09/2026 19:26
ae2676d5-3ca8-4449-9218-adc0f32e570d,kamikaze.domains,available,19.99,,medium,low,8,name.com,,,
22606635-9a6f-4ee1-9759-2041c4e780c3,flawlessly.domains,available,19.99,56.99,medium,low,10,name.com,,,12/08/2026 10:23
b1f3e7f2-d5c9-4973-b88f-059db2640ecf,armoire.domains,available,42.99,42.99,medium,low,7,namesilo,,,20/09/2026 07:20
86102183-1ba7-4d41-b13b-804e8c8ba307,unsparing.domains,available,19.99,56.99,medium,low,9,name.com,,,22/08/2026 21:11
80437cdf-7836-4538-81c4-28ea06848f1c,won.domains,available,19.99,,high,low,3,name.com,,,
23182deb-c904-4743-897e-e964ef7ea259,sweptwing.domains,available,42.99,42.99,medium,low,9,namesilo,,,11/09/2026 05:46
7ff5a77f-aeb3-4798-9f4b-975ed27c7cf5,marooned.domains,available,42.99,42.99,medium,low,8,namesilo,,,25/09/2026 16:58
d0ee61b8-0ad7-43d6-a996-c5bb2fc0a891,wayfaring.domains,available,42.99,42.99,medium,low,9,namesilo,,,13/09/2026 08:47
ec76ac78-b804-4444-ac25-46d9c8e7c307,criterion.domains,available,19.99,,high,low,9,name.com,,,
bf9b3eea-d935-4972-98f8-cf86aba8c503,junk.domains,available,44.98,53.98,medium,low,4,namecheap,,,24/09/2026 21:06
9f7c0094-b9fb-438b-89d4-5c49fcb5109f,asdic.domains,available,44.98,53.98,medium,low,5,namecheap,,,20/09/2026 13:30
0a8738ac-539b-4192-bc9a-5a599ba50635,dotted.domains,available,19.99,56.99,medium,low,6,name.com,,,13/08/2026 18:28
89f4246a-029b-4197-87f6-1183ccca7067,optically.domains,available,44.98,53.98,medium,low,9,namecheap,,,15/09/2026 18:03
d5c359b4-b5b1-4e23-927e-353f8d049e26,vacuum.domains,available,19.99,,high,low,6,name.com,,,
245aa58b-9d51-4792-af4c-12ed0311395a,addable.domains,available,19.99,56.99,medium,low,7,name.com,,,
293326e6-b3c4-4145-8a38-f7d828370fdf,turnout.domains,available,19.99,,high,low,8,name.com,,,
2f6d78a9-4197-4fd1-a4de-195cc173db37,globular.domains,available,19.99,56.99,high,low,8,name.com,,,08/08/2026 10:06
efb332b4-8152-4fa9-9c2c-004cb39a1018,upper.domains,available,19.99,,high,low,5,name.com,,,
3d47f193-1419-44c6-8e14-cb6bde991043,hostelry.domains,available,42.99,42.99,medium,low,8,namesilo,,,21/09/2026 02:26
cf2eb157-a7cc-4232-8b78-7e868ab38602,unharmed.domains,available,19.99,56.99,high,low,8,name.com,,,12/09/2026 12:00
c998f27a-9c80-4baf-9b61-4a3733334399,creating.domains,available,19.99,,high,low,8,name.com,,,
7ee87fda-ffa0-452c-ba48-f0e860be8eb0,averroes.domains,available,44.98,53.98,medium,low,8,namecheap,,,16/09/2026 18:56
048737d8-3470-439b-bd9c-0da64885bc9a,groups.domains,available,19.99,,high,low,6,name.com,,,
a0f7e364-3b83-4a49-9a02-137ee3dbc430,teaspoons.domains,available,42.99,42.99,medium,low,9,namesilo,,,19/09/2026 22:48
9fac2d3f-e760-443c-a61b-9cc2380bba46,hussein.domains,available,42.99,42.99,medium,low,7,namesilo,,,25/09/2026 07:40
3e5ad0dd-29fb-4b6b-b5f6-7e2bed795768,mousy.domains,available,19.99,56.99,medium,low,5,name.com,,,25/08/2026 08:42
29792f84-66a2-473c-8924-a11b8e66509a,simon.domains,available,42.99,42.99,high,medium,5,namesilo,,,25/09/2026 07:17
9c6fe945-9444-4ad6-b259-a51fc29fd3f8,reads.domains,available,42.99,42.99,medium,low,5,namesilo,,,19/09/2026 00:45
9a447263-a4f4-4764-aefc-0cdb97deacfc,canary.domains,available,19.99,56.99,high,low,6,name.com,,,11/08/2026 16:10
f6d92fc9-585b-4d07-bdf4-ba7f22ce49a1,balsam.domains,available,42.99,42.99,high,low,6,namesilo,,,22/09/2026 00:04
8e248b16-077b-44b9-ba0f-bc27919cd466,transcript.domains,available,42.99,42.99,high,low,10,namesilo,,,25/09/2026 22:18
e555810c-58d5-41b9-98a5-21914912afdd,forlorn.domains,available,19.99,56.99,medium,low,7,name.com,,,18/08/2026 12:02
805fef69-4dc9-45ae-894f-72d16d92a967,consents.domains,available,42.99,42.99,medium,low,8,namesilo,,,20/09/2026 13:43
90f1635e-02e6-47ca-a529-bb6a13067fd4,commotion.domains,available,42.99,42.99,high,low,9,namesilo,,,24/09/2026 16:36
3e23bb22-27c1-4021-9e8d-a0684b589d1f,bought.domains,available,19.99,,high,low,6,name.com,,,
8437a47e-917d-4955-a047-855fc8938fbe,katabatic.domains,available,19.99,56.99,high,low,9,name.com,,,11/08/2026 20:41
0afcd37e-14e5-494a-833e-6c974bff5b1e,units.domains,available,42.99,42.99,high,low,5,namesilo,,,17/09/2026 16:07
555bed69-546a-4fc3-bc25-0ee03c85ee6d,keyed.domains,available,19.99,56.99,medium,low,5,name.com,,,22/08/2026 15:42
4d7bb7d2-1745-479a-b79f-7b5d2f2ed15d,divide.domains,available,19.99,,high,low,6,name.com,,,
793514a6-cbd0-4fa0-9585-7eef2a08fc27,cowardice.domains,available,44.98,53.98,medium,low,9,namecheap,,,24/09/2026 18:57
cfb78e66-7c0f-480b-83c8-cf562c4bf925,affirmative.domains,available,19.99,,high,low,11,name.com,,,
396a1eef-2741-45be-ab3c-791cfe0cc56b,southampton.domains,available,42.99,42.99,high,low,11,namesilo,,,25/09/2026 14:27
c4bed517-ecb6-4d87-b0e9-110583796562,anesthetic.domains,available,19.99,56.99,high,low,10,name.com,,,
eefd529e-769c-4a8f-871c-2f5f7dcf5952,obsequious.domains,available,19.99,56.99,medium,low,10,name.com,,,10/08/2026 19:44
627d57e3-5765-4c16-b4f7-1e8be10cbb43,abortive.domains,available,19.99,56.99,medium,low,8,name.com,,,
033642a9-2886-44c0-9b24-80b374cac513,wagering.domains,available,42.99,42.99,high,low,8,namesilo,,,25/09/2026 02:56
e43ab237-f88b-4dcc-9aec-fb2da0b95222,unseen.domains,available,42.99,42.99,high,low,6,namesilo,,,12/09/2026 16:05
17828270-7814-4d1f-83d3-12d98cadbf44,genially.domains,available,44.98,53.98,medium,low,8,namecheap,,,13/09/2026 17:52
9eccabb1-bc1f-4b4f-9ef0-008b70d69c5e,background.domains,available,19.99,,high,low,10,name.com,,,
b9aafe01-7f8c-4524-a75a-8950beb40146,passable.domains,available,42.99,42.99,medium,low,8,namesilo,,,24/09/2026 16:16
5b4a290e-5830-435a-bec7-bc10475b148f,western.domains,available,19.99,56.99,high,low,7,name.com,,,13/09/2026 10:56
b9b3eb43-70e9-4ed7-888d-10eb98c5fa34,heat.domains,available,19.99,,high,low,4,name.com,,,
c0b5c1a7-bbdc-44d2-8d71-14e147ad560a,fitful.domains,available,19.99,56.99,medium,low,6,name.com,,,18/08/2026 05:45
a0447907-f5ae-4951-863c-4f0974d0cbb3,sasquatch.domains,available,42.99,42.99,high,low,9,namesilo,,,23/09/2026 15:07
1f4ba1aa-bae2-4e54-b6b9-e81f63b4ae86,bleeding.domains,available,42.99,42.99,high,low,8,namesilo,,,24/09/2026 05:28
116f7d23-85a2-47aa-badc-f056096a92ef,bedclothes.domains,available,42.99,42.99,high,low,10,namesilo,,,22/09/2026 22:48
47c87b7c-d06a-460a-be41-579ae4d0c919,unshackled.domains,available,42.99,42.99,medium,low,10,namesilo,,,12/09/2026 04:58
00d65256-6e74-490b-9c58-c87cfc63bf11,screamer.domains,available,42.99,42.99,medium,low,8,namesilo,,,22/09/2026 17:00
eb9f61ab-e8aa-42c5-b8a4-09dbae0eab20,cybernetic.domains,available,42.99,42.99,high,low,10,namesilo,,,19/09/2026 11:38
e8fee784-6c0f-46e8-88da-12cfa8dbd036,dual.domains,available,19.99,56.99,high,low,4,name.com,,,14/08/2026 16:37
849242fa-780c-49ff-838f-d86352eec339,dicey.domains,available,19.99,56.99,medium,low,5,name.com,,,12/08/2026 01:44
93f2f232-4c16-41de-b06e-bbd1403c051a,atropine.domains,available,42.99,42.99,medium,low,8,namesilo,,,21/09/2026 01:00
59e779a2-133c-44dd-ab9b-7e6d7472d503,endowed.domains,available,19.99,56.99,high,low,7,name.com,,,17/08/2026 01:23
1c8f897e-b086-432d-8b97-17224d49599b,pink.domains,premium,500,,high,low,4,name.com,,,
ac14e2d7-1bc0-4783-948d-3cd2e462bfea,agenda.domains,available,44.98,53.98,high,low,6,namecheap,,,17/09/2026 17:02
44f90ecf-aee1-4bd7-a4c0-a33c3c5835c9,romp.domains,available,44.98,53.98,high,low,4,namecheap,,,09/09/2026 19:26
95432015-457d-4660-82cf-ca8d96973fb6,sophomore.domains,available,42.99,42.99,high,low,9,namesilo,,,10/09/2026 14:17
9d4f0b62-e82a-4cf4-954f-edf9c8b1220e,anamorphic.domains,available,19.99,56.99,medium,low,10,name.com,,,
5e9b3aa1-13d3-47f0-8615-f7d635f926ce,unforced.domains,available,42.99,42.99,medium,low,8,namesilo,,,12/09/2026 05:40
d9c24882-d31b-4808-944e-19e3e83ba466,locating.domains,available,42.99,42.99,high,low,8,namesilo,,,09/09/2026 00:10
00838a06-c65c-429f-acd6-2a6ae3515e44,dickey.domains,available,19.99,56.99,medium,low,6,name.com,,,14/08/2026 06:29
b0a6adb6-3d41-48c1-8742-ae2b986d793b,swallow.domains,available,19.99,,high,low,7,name.com,,,
92986021-ef57-4ad5-bd43-89d8f50d294d,aeolian.domains,available,19.99,56.99,medium,low,7,name.com,,,
da22de76-9ad6-4775-8599-f94ee5a6a13c,mayer.domains,available,42.99,42.99,high,low,5,namesilo,,,25/09/2026 09:10
f9987f02-9b9f-4fb7-b16a-0abca59c08b9,disbelief.domains,available,42.99,42.99,high,low,9,namesilo,,,24/09/2026 22:29
16c6acc5-6c0e-4201-a3f2-698c28fc039f,ted.domains,available,19.99,,high,low,3,name.com,,,
e107e867-bf6a-447c-8812-ba0e54b0a686,touchable.domains,available,42.99,42.99,high,low,9,namesilo,,,11/09/2026 07:57
c2d7e9ad-8145-4d31-a741-c9bb647832c6,taipei.domains,premium,242,242,high,low,6,namesilo,,,
54748aa9-3850-420f-bee8-0ced0a55059b,bearwood.domains,available,44.98,53.98,medium,low,8,namecheap,,,22/09/2026 20:58
a424cfae-2379-425a-82ae-7a833a275c29,masses.domains,available,19.99,,high,low,6,name.com,,,
d4df74f4-9028-49ae-aa92-346edc081c90,tuppeny.domains,available,42.99,42.99,medium,low,7,namesilo,,,10/09/2026 09:12
c6bf1e88-ecaf-4028-ab75-3a9f6f346079,strindberg.domains,available,44.98,53.98,high,low,10,namecheap,,,21/09/2026 03:49
f1231fb7-2157-487a-a3cc-7aefeec10edc,eightfold.domains,available,19.99,56.99,medium,low,9,name.com,,,15/08/2026 21:27
e246b172-24e4-4f81-b9d1-ea039e11cd45,isfahan.domains,available,42.99,42.99,medium,low,7,namesilo,,,20/09/2026 14:32
6c89b820-baaa-4e4a-9f0e-c5773fd85b2d,unbent.domains,available,42.99,42.99,medium,low,6,namesilo,,,12/09/2026 01:50
1b8387dd-8aa9-4b85-8ccf-b551dd8a995e,judgmental.domains,available,19.99,56.99,medium,low,10,name.com,,,22/08/2026 14:10
3d71ab5a-a804-4008-9a75-222d2b2397ac,dishcloth.domains,available,42.99,42.99,medium,low,9,namesilo,,,24/09/2026 22:40
374b96f1-7be9-4e9e-a108-9b31a698487a,cityfied.domains,available,19.99,56.99,medium,low,8,name.com,,,12/08/2026 08:49
c24d215f-3b4e-415e-8f0e-06c4d8dad60e,bros.domains,available,44.98,53.98,medium,low,4,namecheap,,,18/09/2026 13:28
28cd191c-0689-4789-b537-726842175a3c,plotted.domains,available,42.99,42.99,high,low,7,namesilo,,,21/09/2026 22:10
2d4294be-ef8d-4e63-a8f9-84927dd9ac18,punily.domains,available,42.99,42.99,low,low,6,namesilo,,,15/09/2026 22:01
e3fbfd26-5268-4b70-a2b1-46125c2c27cb,sprawl.domains,available,42.99,42.99,medium,low,6,namesilo,,,10/09/2026 16:41
4b9682b5-bb54-44a9-a73b-7f814a7b55f4,bellingham.domains,available,42.99,42.99,high,low,10,namesilo,,,23/09/2026 06:12
2f0e4439-6019-4a5e-b3b8-cd028bbe771f,manque.domains,available,19.99,56.99,medium,low,6,name.com,,,24/08/2026 15:28
554a0e2e-0246-4312-9c3d-18dfbbc688d2,breathtaking.domains,available,19.99,,high,low,12,name.com,,,
a63799c1-5719-4f5f-90f4-03e43b2687ee,assured.domains,available,19.99,56.99,high,low,7,name.com,,,07/08/2026 08:21
fc3007f9-dc49-4e89-b1a2-fcefd90b154d,tabs.domains,available,42.99,42.99,medium,low,4,namesilo,,,20/09/2026 01:36
1ac3e6c1-4a33-4be9-99da-6f12dbc52911,lesser.domains,available,19.99,56.99,medium,low,6,name.com,,,23/08/2026 00:24
6107289b-3e5c-4db6-b99b-60d3a91bfeb4,antiquated.domains,available,19.99,56.99,medium,low,10,name.com,,,
53e3129c-9d33-40e1-b2a4-178cbf020891,lovingness.domains,available,19.99,56.99,high,low,10,name.com,,,11/08/2026 19:18
529c1a0a-092f-4705-ab69-aeab12ea6f2c,grassy.domains,available,19.99,56.99,high,low,6,name.com,,,20/08/2026 18:20
d84be5bb-e7f5-4771-9daf-dcdbfbf6ba75,percy.domains,available,44.98,53.98,high,low,5,namecheap,,,25/09/2026 06:59
186a340a-cc3b-4b0c-a97e-57669770613e,frostbite.domains,available,44.98,53.98,high,low,9,namecheap,,,24/09/2026 19:56
4f027080-caba-43c4-8854-e2142d5cbc32,denis.domains,available,42.99,42.99,high,low,5,namesilo,,,25/09/2026 15:03
bc4b66e2-4d1c-4d35-a457-cbaedb85e636,waited.domains,available,44.98,53.98,medium,low,6,namecheap,,,18/09/2026 01:45
9828ad8c-b927-47ff-a79e-83e8dae41b6e,ashore.domains,available,42.99,42.99,medium,low,6,namesilo,,,13/09/2026 22:07
fd2499d6-5922-42d1-9ecb-5d23510f459d,honeymooning.domains,available,42.99,42.99,high,low,12,namesilo,,,21/09/2026 06:04
8c71d36e-ead5-466f-88de-867559c48c34,intuitions.domains,available,44.98,53.98,medium,low,10,namecheap,,,20/09/2026 19:28
9460011d-58da-4657-898c-cb53b20bfbc5,goofy.domains,available,19.99,56.99,high,low,5,name.com,,,12/08/2026 14:50
b2931018-3e64-4ae0-b807-222cf0cfbbac,boffo.domains,available,19.99,56.99,high,low,5,name.com,,,10/08/2026 16:57
faff5a32-7bb7-45f8-ae20-490b56c41014,trine.domains,available,19.99,56.99,medium,low,5,name.com,,,
c1134c4f-a9b0-48f3-a1bf-4bb20c0950f9,baster.domains,available,42.99,42.99,medium,low,6,namesilo,,,22/09/2026 12:47
f96d78aa-f660-41f6-a888-1b966fa6ee11,comforter.domains,available,42.99,42.99,medium,low,9,namesilo,,,18/09/2026 10:03
c9f0a84d-1d7c-4491-9bac-b3ad77ebaeca,indiana.domains,available,19.99,,high,low,7,name.com,,,
283db5c0-d4be-4a52-a185-92409f3335af,including.domains,available,19.99,,medium,low,9,name.com,,,
b94d4c22-2fe7-41f2-be4c-fcc9e6db990f,feminist.domains,available,19.99,56.99,high,low,8,name.com,,,18/08/2026 01:02
82808ee9-f3f6-43b2-a751-9e6804383e74,cards.domains,premium,242,242,high,low,5,namesilo,,,24/09/2026 12:49
e1955549-1a24-4714-9579-3e1df95e77a4,huffy.domains,available,19.99,56.99,medium,low,5,name.com,,,21/08/2026 14:40
d1a34a43-14d9-49b6-8a01-47ef9f32ef0e,acheta.domains,available,42.99,42.99,medium,low,6,namesilo,,,17/09/2026 00:33
aa2ecaca-62f9-418c-b4da-126ed0c00c8b,mafia.domains,available,44.98,53.98,high,low,5,namecheap,,,24/09/2026 18:28
040536e1-8fc1-439e-b58c-e13f5e66345a,accompany.domains,available,44.98,53.98,high,low,9,namecheap,,,24/09/2026 16:41
242784dc-69af-4e5a-8ebe-adbae38e4082,hominid.domains,available,19.99,56.99,medium,low,7,name.com,,,21/08/2026 12:39
fb10fb73-1650-4304-a45f-e331cbb51885,sweatshirt.domains,available,19.99,,high,low,10,name.com,,,
1273b832-5674-4fdb-8c82-c4ec2b3cfac1,beanfeast.domains,available,44.98,53.98,medium,low,9,namecheap,,,22/09/2026 20:29
b4cf9ff4-9db9-48f4-ae3a-bc6d6ca9c927,hardened.domains,available,19.99,56.99,high,low,8,name.com,,,11/08/2026 20:01
f9084e0f-34f0-4d1a-b123-7cf08169ee82,unladylike.domains,available,42.99,42.99,medium,low,10,namesilo,,,12/09/2026 14:39
11b92914-2dbe-4220-9bd3-c65bf26a8d7d,midmost.domains,available,19.99,56.99,medium,low,7,name.com,,,24/08/2026 22:29
51926d99-0d87-4ada-8f24-989b128c7d1a,expectant.domains,available,42.99,42.99,high,low,9,namesilo,,,22/09/2026 06:48
88e29279-94ca-4952-9dd3-2474e5bf10b6,awing.domains,available,19.99,56.99,medium,low,5,name.com,,,08/08/2026 00:34
25fc3e0b-4bbe-4d77-b72f-89b2a74a07b4,athens.domains,available,44.98,53.98,high,low,6,namecheap,,,20/09/2026 20:44
1cd6199b-8424-4c5d-863b-b758b6be9f8d,ballup.domains,available,42.99,42.99,medium,low,6,namesilo,,,21/09/2026 23:27
4033d7b2-bd5b-452a-adde-90027656b59f,saving.domains,available,19.99,,high,low,6,name.com,,,
e4a32f38-7942-43c6-a386-7ce47344aee7,acceptor.domains,available,44.98,53.98,high,low,8,namecheap,,,16/09/2026 22:02
4364f0d5-9d71-41ac-b18c-0eb9b10cf6a2,hopes.domains,available,44.98,53.98,high,low,5,namecheap,,,25/09/2026 19:44
10d2a058-342b-49f4-81c4-eb82fde9d2f2,laffer.domains,available,44.98,53.98,medium,low,6,namecheap,,,20/09/2026 10:59
b6d50859-e36c-417a-9fe5-8f7b7fb79913,bacillus.domains,available,42.99,42.99,medium,low,8,namesilo,,,21/09/2026 11:42
8c67e5d7-ac70-4773-94fb-183e46bc0f15,yet.domains,available,19.99,,high,low,3,name.com,,,
1c6a5f6b-84c2-47b7-ad01-521d9e931fdb,bizarre.domains,available,44.98,53.98,high,low,7,namecheap,,,22/09/2026 21:11
ca8488ef-8e59-4366-982a-35d84c36a26f,hear.domains,available,19.99,,high,low,4,name.com,,,
d48bca3c-b48d-4e3d-9fb3-1655dedfeaab,feasting.domains,available,42.99,42.99,high,low,8,namesilo,,,22/09/2026 03:07
8daa96c4-1350-4ee9-82b3-c9f4fc03fd13,different.domains,available,42.99,42.99,high,low,9,namesilo,,,24/09/2026 08:12
790971a8-e241-40e1-afb3-24e486fb27f5,freetown.domains,available,42.99,42.99,high,low,8,namesilo,,,24/09/2026 12:22
aef8843a-5fcc-4f4d-967c-3eeca5bd7784,calamitous.domains,available,19.99,56.99,medium,low,10,name.com,,,11/08/2026 13:28
9dba5599-69c5-4afd-91c3-97ee80e53718,cattle.domains,available,44.98,53.98,high,low,6,namecheap,,,25/09/2026 01:59
1bd835f9-e0c7-4492-9109-3460bd438bcc,cancellous.domains,available,19.99,56.99,medium,low,10,name.com,,,11/08/2026 16:31
db02445e-6c11-465b-ad38-e4c98e8023d5,sitting.domains,available,19.99,,high,low,7,name.com,,,
c5ea57ac-fc33-4cd8-a083-db31f6e35adf,tasteless.domains,available,42.99,42.99,medium,low,9,namesilo,,,11/09/2026 09:02
62dd70b8-a82f-4094-9350-210482defd85,birdbath.domains,available,44.98,53.98,high,low,8,namecheap,,,23/09/2026 20:31
f33fa94c-f6a4-4607-9f0a-da086a1ba77c,carroty.domains,available,19.99,56.99,medium,low,7,name.com,,,11/08/2026 19:48
fafef780-3ed6-4fd4-befb-0177fafdaea3,listen.domains,available,19.99,,high,low,6,name.com,,,
84097322-fed2-4059-b1d6-e1abaa941fb5,wastefully.domains,available,44.98,53.98,medium,low,10,namecheap,,,15/09/2026 21:36
f3f3d930-9325-493a-9e0b-0d2ea7311e13,citibank.domains,available,,,high,medium,8,,,,
fab2a3ed-84c4-4cbb-acab-e2f4b531aaa0,plane.domains,available,44.98,53.98,high,low,5,namecheap,,,24/09/2026 19:36
0c17b038-d6c4-47d0-a87b-f5aba078250f,products.domains,available,42.99,42.99,high,low,8,namesilo,,,08/09/2026 11:31
27448a87-b15c-4e07-be5d-8f9e7b100a8b,alkanet.domains,available,44.98,53.98,medium,low,7,namecheap,,,18/09/2026 08:26
5add4bfb-653b-4e80-941e-7d585c4aa56d,gabonese.domains,available,19.99,56.99,medium,low,8,name.com,,,18/08/2026 19:24
89d449fe-22f5-4c01-bdfc-3d1d9155af4a,packing.domains,available,19.99,,high,low,7,name.com,,,
e355be9c-742b-452d-bdf8-5a76b295e4aa,airborne.domains,available,19.99,56.99,high,low,8,name.com,,,
6961efda-b426-45d6-a590-d0e1dd7b50ea,hardheaded.domains,available,19.99,56.99,medium,low,10,name.com,,,21/08/2026 00:26
cfd96d87-ffea-4d5d-ba4e-8fc80c5baf0a,roiled.domains,available,19.99,56.99,medium,low,6,name.com,,,
a3adca2b-529a-4860-887d-045f92394fbf,unlicensed.domains,available,42.99,42.99,medium,low,10,namesilo,,,11/09/2026 23:37
f8bc1fd7-0ae8-4da3-8695-ceb77b6bf899,harrisburg.domains,available,44.98,53.98,high,low,10,namecheap,,,25/09/2026 22:04
68c0fd57-20ac-4052-a82b-72038ca01e39,emir.domains,available,44.98,53.98,high,low,4,namecheap,,,18/09/2026 17:55
adb2c695-b65d-4043-b817-cb230102578c,beady.domains,available,19.99,56.99,medium,low,5,name.com,,,09/08/2026 03:23
2fe703c8-c2d3-43e9-b6cf-d727a263c09e,quenched.domains,available,42.99,42.99,high,low,8,namesilo,,,09/09/2026 08:25
9f906334-4bed-4d46-bb56-5820fe3a768f,amygdala.domains,available,44.98,53.98,high,low,8,namecheap,,,19/09/2026 00:23
707eb301-6887-4ebb-8d21-8db6eeba5d66,documentation.domains,available,19.99,,high,low,13,name.com,,,
eb330239-69e4-4f70-86d3-b0988980421f,boards.domains,available,19.99,,high,low,6,name.com,,,
5c4fae93-9c1b-4888-a350-590da12eb1ac,intersex.domains,available,19.99,56.99,high,low,8,name.com,,,17/08/2026 10:33
c9fbc850-18e1-4ab3-ad17-57e4d1e7fe55,inglorious.domains,available,19.99,56.99,medium,low,10,name.com,,,21/08/2026 18:25
919843ab-1baf-4352-8923-f20a639d986a,industrialize.domains,available,19.99,,medium,low,13,name.com,,,
81ba0efc-7b8d-460d-be6d-be9f16ce6c69,reviving.domains,available,42.99,42.99,high,low,8,namesilo,,,09/09/2026 14:08
770860f4-7f0d-4d2c-8e79-665271c1d4f4,upstair.domains,available,42.99,42.99,medium,low,7,namesilo,,,12/09/2026 23:20
30a643af-a68d-477b-aa8a-3df80221460f,alluvium.domains,available,19.99,56.99,medium,low,8,name.com,,,18/09/2026 12:20
4b3b615b-9d6e-4d42-a3b0-a3c2dca07949,dues.domains,available,19.99,56.99,high,low,4,name.com,,,19/09/2026 19:46
d620a26d-30c6-49aa-8203-ced8ec7bd5aa,changeless.domains,available,19.99,56.99,medium,low,10,name.com,,,12/08/2026 01:58
c2b54b33-6954-4ac9-9551-8f726278c98d,prefers.domains,available,42.99,42.99,medium,low,7,namesilo,,,20/09/2026 07:15
ca26f541-2c2d-4435-847b-750b22c0a1bd,specialized.domains,available,19.99,,high,low,11,name.com,,,
efdf8121-c333-44a1-bcc3-24e123083d91,bisque.domains,available,42.99,42.99,high,low,6,namesilo,,,23/09/2026 22:05
1690d45f-2d2e-40f0-812b-994684cc3cbf,uncordial.domains,available,42.99,42.99,medium,low,9,namesilo,,,12/09/2026 06:13
de8e363f-2de1-49c7-ae7e-868d64267d84,rice.domains,available,19.99,,high,low,4,name.com,,,
3829f1a0-ee34-4a34-8026-26ae9e0edc76,oftentimes.domains,available,44.98,53.98,medium,low,10,namecheap,,,14/09/2026 20:04
b4b0162f-ea88-431a-8f11-1152bce279a5,goddam.domains,available,19.99,56.99,medium,low,6,name.com,,,10/08/2026 12:44
b9f37a86-a889-465e-a959-5d3ea6ef938e,julia.domains,available,44.98,53.98,high,low,5,namecheap,,,25/09/2026 19:23
f0cf69e2-f859-480c-a080-dad1e7895400,portent.domains,available,42.99,42.99,medium,low,7,namesilo,,,09/09/2026 02:55
d3cd3416-a283-4920-a3f8-9051989a858d,colossus.domains,available,42.99,42.99,high,low,8,namesilo,,,23/09/2026 03:27
d9d922af-20d4-4b12-a1ae-d069155f121a,dipolar.domains,available,19.99,56.99,medium,low,7,name.com,,,14/08/2026 08:28
a35a37df-d3e4-4175-b6a8-f5908d22a9a5,swish.domains,available,19.99,56.99,high,low,5,name.com,,,12/08/2026 09:55
e96ef847-cb58-42e4-86bc-abb208562f58,stones.domains,available,42.99,42.99,medium,low,6,namesilo,,,26/09/2026 03:37
d0688717-0132-418d-bff9-9fcbd93b7358,tillers.domains,available,42.99,42.99,medium,low,7,namesilo,,,20/09/2026 14:06
b968d595-6825-4afb-b05e-0c127f158276,liberate.domains,available,19.99,56.99,high,low,8,name.com,,,18/08/2026 14:32
f4485388-ab9a-4b93-84c5-202af3a2f5bb,greyed.domains,available,19.99,56.99,medium,low,6,name.com,,,20/08/2026 20:04
91ff5c21-e5c1-47dd-91e5-b3b5120a14be,competency.domains,available,42.99,42.99,high,low,10,namesilo,,,24/09/2026 16:48
1ec730a3-ce71-47c6-94a5-d803642b3ccd,ash.domains,available,19.99,,high,low,3,name.com,,,
ddb9cc3b-4d7a-4533-ac0a-5a7c8a2a25a5,ado.domains,available,42.99,42.99,high,low,3,namesilo,,,17/09/2026 09:17
73e89b06-44d9-416b-8064-63f026027626,chaff.domains,available,19.99,56.99,medium,low,5,name.com,,,22/08/2026 13:50
8b462d7e-2aeb-44d0-a6d8-735e04247067,blackwater.domains,available,19.99,56.99,medium,low,10,name.com,,,24/09/2026 03:24
734dfe61-8698-4bb2-9db9-07c0b5582ce3,feetfirst.domains,available,44.98,53.98,medium,low,9,namecheap,,,14/09/2026 18:20
5e76ef6e-4992-4096-bfa5-5ddfc44ea272,changeling.domains,available,19.99,56.99,medium,low,10,name.com,,,21/08/2026 20:30
ad68ab3c-2029-4ddd-b672-071300768035,arcsecond.domains,available,42.99,42.99,medium,low,9,namesilo,,,20/09/2026 02:41
b7b73560-69a9-4de4-a164-518c9bfc9808,radiance.domains,available,19.99,56.99,high,low,8,name.com,,,20/08/2026 15:09
fb9890f9-cb1c-4212-a3bf-f590983392ba,duchess.domains,available,19.99,,high,low,7,name.com,,,
a4d54e16-5a80-4c0f-b4b9-52aa9e67912b,badgering.domains,available,42.99,42.99,medium,low,9,namesilo,,,13/09/2026 13:19
0eaaeb5a-fefb-43ea-818d-38957b280c6c,quixotic.domains,available,44.98,53.98,medium,low,8,namecheap,,,09/09/2026 09:04
bb59cfc3-7c30-4a9e-a1d7-595f40eb934f,inbred.domains,available,19.99,56.99,medium,low,6,name.com,,,22/08/2026 00:42
07e8d64f-5c4f-415f-8e18-5c87d1e27b78,hexed.domains,available,19.99,56.99,medium,low,5,name.com,,,21/08/2026 07:51
d7db39ad-8f1a-4691-8fe6-36374fd17809,ovens.domains,available,42.99,42.99,medium,low,5,namesilo,,,20/09/2026 10:00
7c52cec5-a631-4efb-9ce4-335d4e4cf023,coed.domains,available,19.99,56.99,medium,low,5,name.com,,,12/08/2026 13:16
5516d19f-70b4-48c4-a50d-20d5d888c1a2,suburban.domains,available,42.99,42.99,high,low,8,namesilo,,,11/09/2026 00:54
d2033b9b-05b9-46bd-9b35-5c6595dd9dca,shuha.domains,available,42.99,42.99,medium,low,5,namesilo,,,10/09/2026 07:04
f59790b0-b524-4bef-8d45-12241ff9f38b,experimental.domains,available,19.99,,high,low,12,name.com,,,
bfff1106-a832-46b3-8606-dc3fed3aafc1,fitter.domains,available,19.99,56.99,high,low,6,name.com,,,18/08/2026 05:48
7a8a4490-7c6d-44ef-9956-80ee52dfc271,opencast.domains,available,42.99,42.99,medium,low,8,namesilo,,,04/09/2026 16:08
6cd4088d-df70-49d5-b318-86e86addd0bb,furnishings.domains,available,44.98,53.98,high,low,11,namecheap,,,16/09/2026 18:36
cc7d71d4-e33b-4015-b674-0960ebfad206,varicella.domains,available,42.99,42.99,medium,low,9,namesilo,,,24/09/2026 14:29
9cd20ed1-f731-47df-a0a7-a58176ec5e99,albumen.domains,available,42.99,42.99,high,low,7,namesilo,,,18/09/2026 03:31
e776a87c-5b09-4e39-b96c-63eec1b3c678,vestigial.domains,available,42.99,42.99,medium,low,9,namesilo,,,13/09/2026 04:54
6b6efa49-f3e8-43a2-b9f2-7b33000e9256,chased.domains,available,19.99,,high,low,6,name.com,,,
430ccf3f-5a8f-472b-aea9-5260cebd2c0a,killed.domains,available,42.99,42.99,medium,low,6,namesilo,,,17/09/2026 12:17
51ad2794-585c-4db2-8aa6-a8f5a6957540,rhythmic.domains,available,19.99,,high,low,8,name.com,,,
bf7794d1-c118-4ec0-b851-4e6cb10aa8e6,rewarding.domains,available,19.99,,high,low,9,name.com,,,
aedc1faa-e49e-4fa7-b178-6a09d0b33e15,stupid.domains,available,19.99,,high,low,6,name.com,,,
f91d30ed-382c-4e82-81bc-ecc5469e62f0,overstep.domains,available,42.99,42.99,high,low,8,namesilo,,,11/09/2026 17:25
92ad83b5-b486-4747-9025-d5e1fcb97abc,armorer.domains,available,42.99,42.99,medium,low,7,namesilo,,,20/09/2026 07:29
c496d2b2-f663-4967-a0d5-ef75e3b662fc,urinary.domains,available,42.99,42.99,medium,low,7,namesilo,,,12/09/2026 23:44
c9f4f43f-3356-48a8-835c-344069d67482,polyhedral.domains,available,42.99,42.99,medium,low,10,namesilo,,,08/09/2026 23:24
4b6e2b31-6752-4b7b-9c13-22950f792001,aleph.domains,available,44.98,53.98,high,low,5,namecheap,,,18/09/2026 05:19
f3e128aa-4cfe-4e01-8adf-bd24db9901f8,tannic.domains,available,42.99,42.99,medium,low,6,namesilo,,,11/09/2026 08:01
ad65060a-7bcb-46ed-a0e2-bda73870ae34,informal.domains,available,42.99,42.99,high,low,8,namesilo,,,25/09/2026 09:31
9f7b0ff7-a4c1-4061-b149-26657d3eda81,horrified.domains,available,19.99,56.99,medium,low,9,name.com,,,21/08/2026 14:14
1c27d455-96ad-48ea-bde8-7ceb4e5cbeab,die.domains,available,19.99,,high,low,3,name.com,,,
00a22229-bc0a-461e-bcea-e5eea08ab1f2,indigent.domains,available,19.99,56.99,medium,low,8,name.com,,,14/08/2026 04:34
3b3b487e-f117-4397-9d8d-ee2fe7d4ffad,xli.domains,available,19.99,56.99,high,low,3,name.com,,,
0254b728-a3cb-42e3-808a-411953016280,disclosure.domains,available,19.99,,high,low,10,name.com,,,
f43d6d0d-62b1-49aa-9b8c-e26133e1c723,fore.domains,available,19.99,56.99,high,low,4,name.com,,,18/08/2026 11:26
65a1a203-7213-41d2-b9f8-ffcbf0fb84a1,hotcake.domains,available,42.99,42.99,high,low,7,namesilo,,,22/09/2026 14:33
1b5ff165-2e2d-4fc4-94e1-d8adfae8fc01,behmen.domains,available,42.99,42.99,medium,low,6,namesilo,,,23/09/2026 03:43
84d397b1-8e49-463b-ae77-d0ee9dd14b7f,bamboo.domains,available,44.98,53.98,high,medium,6,namecheap,,,22/09/2026 00:40
02bf1cd0-4b91-42be-8d63-5c016a4c1b59,kilobyte.domains,available,19.99,,high,low,8,name.com,,,
a0df0e6d-54e6-4742-927c-45c336cb16f0,napkins.domains,available,42.99,42.99,medium,low,7,namesilo,,,21/09/2026 05:52
580d525f-ef1e-49f4-b8a6-9b4679a226a8,serves.domains,available,42.99,42.99,medium,low,6,namesilo,,,18/09/2026 11:42
f3248f80-ef55-4c95-9f49-aa6ecbf92e7a,furtive.domains,available,19.99,56.99,medium,low,7,name.com,,,08/08/2026 06:32
5ebcb59e-ba57-4ceb-a583-a182259f3d17,ragee.domains,available,42.99,42.99,medium,low,5,namesilo,,,17/09/2026 15:18
3088acfc-ae61-45d6-895f-15385bb3a31e,tertiary.domains,available,19.99,56.99,medium,low,8,name.com,,,
9a609334-ceef-4961-9cb5-930e61781bb9,flammable.domains,available,19.99,56.99,high,low,9,name.com,,,18/08/2026 06:32
9014f928-8a8c-425d-9e01-1b0ff71a5fbf,lay.domains,available,42.99,42.99,high,low,3,namesilo,,,25/09/2026 13:03
50288193-b7e8-4823-8d1c-5da9290906ec,serbs.domains,available,44.98,53.98,medium,low,5,namecheap,,,20/09/2026 12:11
3533f225-1737-4d3d-be14-189342f30071,subscript.domains,available,42.99,42.99,high,low,9,namesilo,,,11/09/2026 00:43
bd38ec1e-6f83-4da3-a356-4014062b594c,illustrated.domains,available,19.99,,high,low,11,name.com,,,
ed273caa-b386-4188-a3e7-6353b220cc1b,sid.domains,available,42.99,42.99,high,low,3,namesilo,,,25/09/2026 12:52
6601c253-205b-4299-9a28-0ff8e88d7b0e,induced.domains,available,19.99,56.99,high,low,7,name.com,,,22/08/2026 03:27
9c92c6e2-28dd-4da7-a823-87f6a08830e7,balarama.domains,available,44.98,53.98,medium,low,8,namecheap,,,21/09/2026 21:06
186ee070-b41a-4ea5-b1c0-b95d108bf5eb,rescued.domains,available,42.99,42.99,high,low,7,namesilo,,,09/09/2026 11:35
53302fd7-d505-4a78-bf29-0d2660b9aebf,sweeping.domains,available,42.99,42.99,high,low,8,namesilo,,,11/09/2026 05:31
fd376bea-83d0-47bc-90f6-3090a4e0acfb,tesla.domains,resell,,,high,medium,5,Squarespace Domains II LLC,18/04/2018 00:57,18/04/2027 00:57,
789e2cfa-a6ac-4d75-a192-6f020b784a2d,column.domains,available,42.99,42.99,high,low,6,namesilo,,,19/09/2026 04:50
d6d5c665-0e78-4e80-84c5-a194e2bc4c29,raving.domains,available,42.99,42.99,high,low,6,namesilo,,,15/09/2026 22:43
0b686a4d-ce0d-4c44-a79d-9b6fdf514711,bellflower.domains,available,42.99,42.99,high,low,10,namesilo,,,23/09/2026 06:06
bc4a7bd8-7b54-42a4-9b25-cac4b6aeb1da,acarus.domains,available,44.98,53.98,medium,low,6,namecheap,,,16/09/2026 21:38
c8aff8c5-4ab2-438f-b1c4-22586f30c6f5,crust.domains,available,44.98,53.98,high,low,5,namecheap,,,24/09/2026 14:05
55f2b0e8-70db-4cd5-b35b-0d422d328fa2,soph.domains,available,42.99,42.99,medium,low,4,namesilo,,,10/09/2026 14:20
f2d7f8e5-94cd-404e-a288-a443506d6c2b,sheldon.domains,available,44.98,53.98,high,low,7,namecheap,,,25/09/2026 15:25
7d22d497-4fa3-417a-b913-d1d4067445d2,airspeed.domains,available,44.98,53.98,high,low,8,namecheap,,,17/09/2026 23:22
770ad661-d040-429d-b546-4dfd545dd621,factorial.domains,available,19.99,56.99,high,low,9,name.com,,,17/08/2026 20:29
bfc3ae1a-3b0f-429c-a81f-0ee73d83478e,coaxial.domains,available,19.99,56.99,medium,low,7,name.com,,,12/08/2026 14:16
87f58546-ce61-4de6-95cf-6a4c7720385d,moo.domains,available,19.99,56.99,high,low,3,name.com,,,24/08/2026 10:19
c4847a93-cce7-4bb7-986e-a95d3fc4fd01,hock.domains,available,42.99,42.99,high,low,4,namesilo,,,09/09/2026 16:33
bf23f1df-0c81-484c-8fd3-0d3ac8bf32c9,lollygag.domains,available,42.99,42.99,medium,low,8,namesilo,,,11/09/2026 08:29
47d7bc08-e978-4ae8-bede-e6ca6ee5109a,parvenue.domains,available,42.99,42.99,medium,low,8,namesilo,,,03/09/2026 22:16
4740da14-e844-43a5-99d5-8dee883c103e,blake.domains,available,42.99,42.99,high,low,5,namesilo,,,24/09/2026 03:45
f59639cb-fb90-4082-8dc1-4e87b9dd74ca,adiposity.domains,available,42.99,42.99,medium,low,9,namesilo,,,17/09/2026 08:19
125c4b0a-fe3e-4441-979a-4649a38e7383,mixologist.domains,available,42.99,42.99,medium,low,10,namesilo,,,22/09/2026 06:27
5f30d0bf-6512-4604-a255-f67117399fbf,forced.domains,available,44.98,53.98,high,low,6,namecheap,,,23/09/2026 21:10
cd32972d-52c6-44a4-86eb-f09bd96803d5,controversial.domains,available,19.99,,medium,low,13,name.com,,,
ddc327e1-76fd-42bc-b468-1a90227f5c43,benevolent.domains,available,19.99,56.99,high,low,10,name.com,,,09/08/2026 14:27
20c4c521-c9a3-44b0-9799-5f636ac17b00,promoter.domains,available,19.99,,high,low,8,name.com,,,
3e4ffefa-c0cf-4cb3-8549-1c05cb5e9bb9,medusa.domains,available,19.99,56.99,high,low,6,name.com,,,24/08/2026 19:13
07c5e7ac-b6b4-4580-b546-e714c6db5b6d,backstroke.domains,available,42.99,42.99,high,low,10,namesilo,,,21/09/2026 16:09
5d5f3018-4b29-465d-9e56-7d5bc77b565b,wit.domains,available,42.99,42.99,high,low,3,namesilo,,,24/09/2026 08:03
f6025dfb-8326-4b32-a672-c8ccf8e9ddd6,beneficent.domains,available,19.99,56.99,medium,low,10,name.com,,,09/08/2026 14:22
f16b43c9-df05-4ae7-97f0-bf11f239f9d4,anglia.domains,available,42.99,42.99,medium,low,6,namesilo,,,19/09/2026 06:45
40a184d6-e8d4-4774-8157-0400701047cc,learner.domains,available,42.99,42.99,high,low,7,namesilo,,,19/09/2026 22:19
31d11f32-2812-46f2-a571-f0cf19ee3cb6,dependance.domains,available,42.99,42.99,medium,low,10,namesilo,,,17/09/2026 06:55
62359847-cc59-4969-b013-f3f0822e6617,bitch.domains,available,42.99,42.99,high,low,5,namesilo,,,23/09/2026 00:22
28af0440-b504-446d-b786-be7a1d57569d,dialog.domains,available,44.98,53.98,high,low,6,namecheap,,,24/09/2026 22:13
ca398813-b67d-4fe5-bde5-d06a83ad8ebb,ranted.domains,available,42.99,42.99,low,low,6,namesilo,,,20/09/2026 16:55
c832e8d4-367a-400a-9860-0aa1e15fe5e3,evenhanded.domains,available,19.99,56.99,high,low,10,name.com,,,17/08/2026 14:52
093d993c-b505-453a-80dc-c1502a41896c,alhaytham.domains,available,42.99,42.99,medium,low,10,namesilo,,,18/09/2026 00:48
1aed45c5-29af-4807-8cf0-3414142a5fa7,weatherly.domains,available,42.99,42.99,medium,low,9,namesilo,,,13/09/2026 09:23
dec9de72-3dc1-4ea2-a415-8aca4a15af40,refused.domains,available,42.99,42.99,medium,low,7,namesilo,,,18/09/2026 13:40
288ea32d-7278-4725-a809-529ff5728b32,dealership.domains,premium,854,854,high,low,10,namesilo,,,25/09/2026 03:26
00a2e034-201c-4a7a-9467-d84c58e23999,district.domains,available,19.99,,high,low,8,name.com,,,
626d91cd-debc-474c-a649-2b989fcaa019,fold.domains,available,19.99,,high,low,4,name.com,,,
0db60bc1-8727-4786-9589-d1dac23773aa,armadillo.domains,available,42.99,42.99,high,low,9,namesilo,,,20/09/2026 06:27
a74c3f2a-0a60-465a-9a2b-ceeea56368aa,tireless.domains,available,19.99,56.99,high,low,8,name.com,,,21/08/2026 00:49
425ae0d3-7ed6-45c8-83d3-15db7a8641df,ccp.domains,available,42.99,42.99,high,low,3,namesilo,,,26/09/2026 03:21
af0b7e62-e1b3-4479-92af-34ae0d6d2550,eric.domains,available,44.98,53.98,high,medium,4,namecheap,,,25/09/2026 11:25
c0d222da-6688-4979-a258-3b46a4cbbe6f,poof.domains,available,42.99,42.99,medium,low,4,namesilo,,,09/09/2026 08:09
630a9fe7-0919-4450-8076-4d0be4adcf90,spiritous.domains,available,42.99,42.99,medium,low,9,namesilo,,,10/09/2026 16:00
5ba9f2f8-1f65-4e91-8bde-26a428adc16d,avowal.domains,available,19.99,56.99,medium,low,6,name.com,,,17/09/2026 14:26
8f3ec7d3-9e5e-43a4-8524-1cdc35fdb34a,attired.domains,available,19.99,56.99,medium,low,7,name.com,,,06/08/2026 04:47
8205044e-cedb-4cdb-b82b-ec64ff9aff05,truly.domains,available,19.99,,high,low,5,name.com,,,
5bde4486-08d2-47e9-89f2-513686a02f5a,spirea.domains,available,42.99,42.99,medium,low,6,namesilo,,,20/09/2026 17:27
0bf7c06d-f83e-4cc1-823a-6f80e3f93a9b,banderilla.domains,available,42.99,42.99,medium,low,10,namesilo,,,22/09/2026 01:12
01a32189-ec41-458e-916a-96a72669ce18,bast.domains,available,42.99,42.99,medium,low,4,namesilo,,,22/09/2026 12:38
524389e8-e899-49a7-97c2-ef76524c92cd,sneak.domains,available,42.99,42.99,high,low,5,namesilo,,,23/09/2026 12:44
e39c31a0-aa96-49c9-9837-ce437bedea30,passbook.domains,available,42.99,42.99,high,low,8,namesilo,,,22/09/2026 02:44
18cedcec-9c3c-4858-97db-e81c7d2832f5,agreeably.domains,available,44.98,53.98,medium,low,9,namecheap,,,13/09/2026 18:22
8a3e314c-7540-45ee-9f64-e49279962c69,forester.domains,available,42.99,42.99,high,low,8,namesilo,,,20/09/2026 00:50
11e32205-7ae6-4523-a921-ba224faca97e,goldilocks.domains,available,42.99,42.99,high,low,10,namesilo,,,20/09/2026 17:03
beee4479-b2f5-4bdc-a73c-da68836a02ac,niner.domains,available,19.99,56.99,medium,low,5,name.com,,,
ccf1baef-0829-463d-9db4-34dda0c22246,cheek.domains,available,42.99,42.99,high,low,5,namesilo,,,24/09/2026 11:22
bd01628f-396f-464b-a6a1-f09db2931055,dampness.domains,available,19.99,56.99,medium,low,8,name.com,,,13/08/2026 16:45
7746c628-6f65-475f-a4d8-6e2587d6426d,cloudless.domains,available,19.99,56.99,high,low,9,name.com,,,12/08/2026 12:32
2d60acbc-9985-4157-99c7-0b760b518aa4,distributions.domains,available,42.99,42.99,medium,low,13,namesilo,,,25/09/2026 21:52
160113ce-2821-4c63-aff9-ba362917c1ce,article.domains,available,42.99,42.99,high,low,7,namesilo,,,20/09/2026 11:12
31f1f5c0-571a-4d85-a5af-68f64713a990,funky.domains,available,19.99,56.99,high,low,5,name.com,,,18/08/2026 02:27
83e7401c-87ce-41dd-ab9a-bb12575afd9b,balloonist.domains,available,42.99,42.99,high,low,10,namesilo,,,21/09/2026 23:14
ea8befdf-6d56-4b00-a5ab-dd65bb450668,prayed.domains,available,42.99,42.99,medium,low,6,namesilo,,,18/09/2026 02:41
3f5ee7cf-9d94-4e36-95a9-8ff2058bd70b,briggs.domains,available,42.99,42.99,high,low,6,namesilo,,,25/09/2026 15:50
b64eea4f-7a48-46c9-9b04-3a197bb0e1bd,august.domains,available,42.99,42.99,high,low,6,namesilo,,,22/09/2026 12:44
4259fd3f-e25b-4227-b100-1e4a7ea19a18,gyp.domains,available,42.99,42.99,medium,low,3,namesilo,,,14/09/2026 08:05
8bd533ad-af92-47a5-8e45-5156a5fb0a3e,prostatic.domains,available,42.99,42.99,medium,low,9,namesilo,,,09/09/2026 03:53
6cd2bf4f-064f-4ca8-a1cf-c562d44c801b,biblical.domains,available,19.99,56.99,medium,low,8,name.com,,,09/08/2026 18:53
d1e3835c-d4d4-4fe7-bfbe-8fb45e3b06c9,lake.domains,available,19.99,,high,low,4,name.com,,,
4113a207-da5f-47a4-9af1-4e3205f58002,rotary.domains,available,42.99,42.99,high,low,6,namesilo,,,04/09/2026 17:37
2adee7dd-973f-4178-8c71-dda08d0ef36f,define.domains,available,42.99,42.99,high,low,6,namesilo,,,24/09/2026 05:41
5a6a5afe-5c3d-4105-8930-f8adc68c8c2d,booked.domains,available,19.99,56.99,high,low,6,name.com,,,10/08/2026 19:05
9a7e4d7a-a256-4ad3-bee7-e9eb62a7bbfa,bust.domains,available,42.99,42.99,high,low,4,namesilo,,,23/09/2026 09:51
045bcba2-a90d-4166-ac42-11e6069ab739,execrable.domains,available,19.99,56.99,medium,low,9,name.com,,,
9ab9b25e-1e0c-479a-a7fc-b2e846303e95,quickset.domains,available,44.98,53.98,medium,low,8,namecheap,,,09/09/2026 08:43
4074228c-acb0-4674-ae8e-d433d37deabe,relied.domains,available,44.98,53.98,medium,low,6,namecheap,,,20/09/2026 05:00
4d73504b-7ff2-43f0-a1d5-a67f5bc53899,neophyte.domains,available,19.99,56.99,high,low,8,name.com,,,18/08/2026 07:34
272c862b-80a1-4fe7-a938-85c36120fb30,foretell.domains,available,42.99,42.99,high,low,8,namesilo,,,21/09/2026 03:34
023bd095-4565-413b-aaa2-3f8ac8d0f2c8,unpainted.domains,available,42.99,42.99,medium,low,9,namesilo,,,12/09/2026 16:25
c46d78ff-6541-4839-9d20-35d52f762abf,alfalfa.domains,available,42.99,42.99,high,low,7,namesilo,,,18/09/2026 06:07
120d8fde-7f9f-4c14-9654-9dff54a72620,argus.domains,available,42.99,42.99,high,low,5,namesilo,,,20/09/2026 04:53
7c7bca4a-05ef-4b2f-b46a-b20d47e12383,stories.domains,available,42.99,42.99,high,medium,7,namesilo,,,17/09/2026 13:42
6ba620d3-3935-4dea-a1a4-641831120fe4,resolutely.domains,available,42.99,42.99,medium,low,10,namesilo,,,14/09/2026 11:12
36ac01a6-7c19-4909-a059-8fb7000b0e0c,asea.domains,available,42.99,42.99,medium,low,4,namesilo,,,10/09/2026 01:04
7d0eee47-6a1c-4791-9c7b-168ec77f3495,lizard.domains,available,19.99,,high,low,6,name.com,,,
a18e9834-20fa-4fd1-a141-3562c29e33f8,understandable.domains,available,19.99,,high,low,14,name.com,,,
e99acaef-b0df-4200-bce3-61edc091a016,shaping.domains,available,42.99,42.99,high,low,7,namesilo,,,10/09/2026 05:59
6b7004fa-4bb2-47ff-a560-398825091fe4,texted.domains,available,44.98,53.98,medium,low,6,namecheap,,,20/09/2026 17:16
5ebb2241-0278-40ee-ac8e-3956b6c8caa7,scandium.domains,available,42.99,42.99,medium,low,8,namesilo,,,20/09/2026 22:34
440458fe-2031-427a-8628-961536e5f6e2,division.domains,available,19.99,,high,low,8,name.com,,,
f4071149-7750-4734-b0e9-1f04758733ba,divergent.domains,available,19.99,56.99,high,low,9,name.com,,,14/08/2026 13:35
acbf73cf-5c8c-4f14-8f1f-7f7b0a672066,estragon.domains,available,42.99,42.99,medium,low,8,namesilo,,,20/09/2026 10:19
76c2e819-2e48-49ad-9e42-34f4dfa3d5ca,devices.domains,available,44.98,53.98,high,low,7,namecheap,,,25/09/2026 08:57
70899147-c11f-46c7-a929-7d1aba07580d,rewards.domains,available,44.98,53.98,high,low,7,namecheap,,,20/09/2026 02:14
44c60cd0-dfaa-411a-a623-7184c03e06f5,dishy.domains,available,19.99,56.99,medium,low,5,name.com,,,14/08/2026 11:03
0fca608d-be32-4f84-ab08-29882c3c97e2,diagnosis.domains,available,42.99,42.99,high,low,9,namesilo,,,24/09/2026 22:08
83a8fdfd-1257-419c-a686-90ad570ab3df,mentions.domains,available,42.99,42.99,medium,low,8,namesilo,,,17/09/2026 17:25
b071dead-4a37-429c-ab6f-9d603451ef17,prenatal.domains,available,44.98,53.98,high,low,8,namecheap,,,22/09/2026 05:55
51fda3cb-228d-428c-96d5-f0928d9945c8,benzine.domains,available,42.99,42.99,high,low,7,namesilo,,,23/09/2026 08:53
58074c01-8dfc-4038-a483-4561646a141a,laurels.domains,available,42.99,42.99,high,low,7,namesilo,,,16/09/2026 22:48
a74392e2-b40b-40b4-b75c-4a31d85b1a04,emotion.domains,available,19.99,,high,low,7,name.com,,,
13c37775-b2a9-409d-8e49-bfe9a45293bc,beaked.domains,available,19.99,56.99,medium,low,6,name.com,,,09/08/2026 03:50
a691e17b-749b-4318-be37-b574d336e474,lxxxviii.domains,available,19.99,56.99,medium,low,8,name.com,,,
465a9953-79a7-4bc8-bd36-dbb83ee727b7,seyhan.domains,available,44.98,53.98,medium,low,6,namecheap,,,17/09/2026 06:19
04b201df-6180-472e-be7f-1449813e70a4,carefully.domains,available,19.99,,high,low,9,name.com,,,
7fdc1ad4-0ca8-424d-9564-69eeb3f9b1ec,potbelly.domains,available,42.99,42.99,high,low,8,namesilo,,,22/09/2026 17:43
ec12de89-2ef3-4f4e-9c61-1f79d3ff28ac,selfaware.domains,available,42.99,42.99,high,low,10,namesilo,,,10/09/2026 02:00
a7146cdd-c687-4d4b-b899-f4d8bd88dbe2,dreamfully.domains,available,42.99,42.99,medium,low,10,namesilo,,,14/09/2026 14:19
80546aec-2d4f-4151-8b20-6ee04f9740db,unimpeded.domains,available,42.99,42.99,medium,low,9,namesilo,,,12/09/2026 13:10
9ef6faf2-5ffc-4d3f-b7f5-14153204b5d5,celestial.domains,available,19.99,56.99,high,low,9,name.com,,,11/08/2026 23:20
5445b480-9fad-4a6c-9599-fad9e5d3bc81,imperious.domains,available,19.99,56.99,medium,low,9,name.com,,,21/08/2026 01:26
8a49d4ff-3dfa-4bd2-838e-5c66242e0454,supposed.domains,available,44.98,53.98,high,low,8,namecheap,,,23/09/2026 20:34
e076e56f-9796-4020-b16d-8016614e2e2d,proves.domains,available,42.99,42.99,medium,low,6,namesilo,,,18/09/2026 07:04
d11096e7-6bf4-4f42-8e32-e54dce852b82,supplies.domains,premium,260,260,medium,low,8,namecheap,,,
3e35b55b-ce23-4c62-b0d5-8b09bf5f1a57,cryogenic.domains,available,19.99,56.99,medium,low,9,name.com,,,13/08/2026 09:35
2317d8b4-eb40-4452-b2ef-ff5d82ca5708,attacker.domains,available,42.99,42.99,high,low,8,namesilo,,,17/09/2026 17:41
9677be6d-eb29-4e4f-a89c-7e86c0c74000,element.domains,available,44.98,53.98,high,low,7,namecheap,,,23/09/2026 21:07
f24cf203-d52d-4741-8c08-34cd0659ffa8,ravenna.domains,available,42.99,42.99,medium,low,7,namesilo,,,22/09/2026 15:51
7541bb79-ccaf-4277-afc7-e8fda659ccba,warwick.domains,available,44.98,53.98,high,low,7,namecheap,,,25/09/2026 05:09
926322af-0929-4d90-9d47-2ffc723b8ad5,credendum.domains,available,42.99,42.99,medium,low,9,namesilo,,,20/09/2026 11:13
1678a2df-eb26-421c-ba49-1e168f282304,optimally.domains,available,44.98,53.98,medium,low,9,namecheap,,,15/09/2026 18:05
c0fc3597-3743-4a0d-8b22-6a1591f0f245,umpteen.domains,available,42.99,42.99,medium,low,7,namesilo,,,11/09/2026 23:06
c18982d4-2bc8-4d9e-b773-36f905ae0d5e,immense.domains,available,42.99,42.99,high,low,7,namesilo,,,25/09/2026 06:12
341ff28e-dca0-4b78-afad-6e36ae798158,sidewalks.domains,available,42.99,42.99,medium,low,9,namesilo,,,21/09/2026 06:21
55d37ab8-5da9-47e2-bca5-0b6c4307c020,vat.domains,available,42.99,42.99,high,low,3,namesilo,,,17/09/2026 05:53
ebdad8c6-2a4a-409c-8089-0fb016b32b0f,actuality.domains,available,42.99,42.99,high,low,9,namesilo,,,17/09/2026 05:19
ef822daa-4d11-4d26-860d-90014dbe7532,text.domains,resell,,,high,medium,4,Dynadot Inc,10/11/2024 02:38,10/11/2026 02:38,
b56d2f66-4ff1-4eb3-a80e-d571571b257e,idempotent.domains,available,19.99,56.99,medium,low,10,name.com,,,21/08/2026 18:03
b84728bb-1fb8-4622-889d-ac7592c0caec,habitual.domains,available,19.99,56.99,high,low,8,name.com,,,20/08/2026 21:28
5674b139-51d2-4dfc-9c3f-8ffd0e7a90c9,canvasback.domains,available,42.99,42.99,medium,low,10,namesilo,,,21/09/2026 10:51
6f4d7087-622f-46e7-a9e1-67f436ab4442,actinide.domains,available,19.99,56.99,medium,low,8,name.com,,,
89d7d567-81e8-4636-98d8-c524827af87e,lucidly.domains,available,42.99,42.99,medium,low,7,namesilo,,,15/09/2026 12:12
aa9a9ce1-a144-42ed-ba19-e5bfcf5f69af,ordained.domains,available,19.99,56.99,medium,low,8,name.com,,,13/08/2026 22:16
e87211b4-caaf-4f18-8449-814f0fffa659,paradoxes.domains,available,42.99,42.99,medium,low,9,namesilo,,,21/09/2026 00:45
3dd7dbbd-6f53-4402-ac5c-e01c00cd4163,vexed.domains,available,19.99,56.99,medium,low,5,name.com,,,21/08/2026 00:15
f380b2f4-9e50-4682-a3fa-1191272ed5fe,christopher.domains,resell,,,high,low,11,,,,25/09/2026 13:15
8ab43928-8192-44d7-b644-5adb79db4f7f,inane.domains,available,19.99,56.99,medium,low,5,name.com,,,07/08/2026 02:43
668818ba-918c-4349-9161-eb8292c5fefa,manhattan.domains,available,44.98,53.98,high,low,9,namecheap,,,25/09/2026 23:31
006db424-fa1c-4d9b-bd03-d69055a5b8bb,thulium.domains,available,42.99,42.99,medium,low,7,namesilo,,,20/09/2026 23:37
52239a29-0ffb-4c2d-bdcd-570236a68be5,cathectic.domains,available,19.99,56.99,medium,low,9,name.com,,,11/08/2026 21:45
87f7874f-113f-4440-8950-3c699404d119,rhenium.domains,available,42.99,42.99,medium,low,7,namesilo,,,20/09/2026 23:48
583b8794-96f0-4eb7-a054-88c4b60ddc2d,fetching.domains,available,19.99,56.99,high,low,8,name.com,,,18/08/2026 02:20
f2ddb11a-c712-4318-9e45-bcde9827c52b,window.domains,available,19.99,,high,low,6,name.com,,,
28b19f89-6efc-4aa5-8399-ae8faeaf5832,facilities.domains,available,42.99,42.99,high,low,10,namesilo,,,26/09/2026 03:08
d26e4d79-a47f-4777-a2dd-5e372598ac71,entirety.domains,available,19.99,,high,low,8,name.com,,,
0d2e8d39-91b6-4692-9345-9dc815304d1b,norwegian.domains,resell,19.99,,high,low,9,name.com,,,25/09/2026 23:14
3209c4b6-3dbb-443b-b630-0a9d9847fd6b,jungle.domains,available,42.99,42.99,high,low,6,namesilo,,,25/09/2026 07:25
d0daa3aa-0fc0-4294-af64-a13f16686456,gary.domains,available,42.99,42.99,high,low,4,namesilo,,,25/09/2026 06:21
3dd0888d-4700-4fa8-9816-c2c8a1936f83,finance.domains,premium,854,854,high,medium,7,namesilo,,,23/09/2026 09:19
0a5f5c46-dfcb-463d-93c6-82e3ab10fded,disrepute.domains,available,42.99,42.99,medium,low,9,namesilo,,,24/09/2026 22:34
65d949b2-0579-4b0d-abf6-dec609bcee38,curvaceous.domains,available,19.99,56.99,high,low,10,name.com,,,10/08/2026 20:30
d7b3d4ec-71ed-4e3b-b1ff-aef4fa4495c5,jutting.domains,available,19.99,56.99,medium,low,7,name.com,,,22/08/2026 14:44
0f8dff1f-1678-4a75-866f-b7bbef61df26,debate.domains,available,42.99,42.99,high,low,6,namesilo,,,24/09/2026 05:29
ef60fbce-dfbd-41f3-96f3-28630e863d56,physically.domains,available,42.99,42.99,medium,low,10,namesilo,,,19/09/2026 14:53
88fc1538-3455-4c40-b93e-675bb4b6b3a2,hernandez.domains,available,42.99,42.99,high,low,9,namesilo,,,25/09/2026 16:13
5c224426-4557-400f-93ea-9a94a42442eb,fagot.domains,available,42.99,42.99,medium,low,5,namesilo,,,09/09/2026 07:59
b659bc43-055f-4d88-ab03-72a0408c42fb,rhythm.domains,available,42.99,42.99,high,low,6,namesilo,,,25/09/2026 22:02
228e4fcc-106d-4a3b-8f24-c57a36ea004a,mask.domains,resell,,,high,low,4,"GoDaddy.com, LLC",19/09/2025 23:35,19/09/2026 23:35,
4a9e0d26-6ca4-4c00-a6d3-92e551b2f732,shadowy.domains,available,42.99,42.99,medium,low,7,namesilo,,,10/09/2026 05:28
7a81f1e6-d70c-413e-995d-e9720e2e3035,tenths.domains,available,42.99,42.99,medium,low,6,namesilo,,,20/09/2026 23:51
f213a815-25e7-43e4-8b5e-60884cb04d28,pinked.domains,available,44.98,53.98,medium,low,6,namecheap,,,20/09/2026 15:51
c85d1b8e-fe6c-4cc7-84ba-e012a0f45450,seductive.domains,available,42.99,42.99,high,low,9,namesilo,,,10/09/2026 01:39
32be6d68-397f-4fac-8738-39cb47bad988,bravely.domains,available,42.99,42.99,high,low,7,namesilo,,,14/09/2026 01:22
053abfad-a960-49e1-b88b-d4f3b594ac21,primordial.domains,available,42.99,42.99,high,low,10,namesilo,,,09/09/2026 02:06
b8cc15fa-aa0d-4382-9dcd-5ddd1f21e68a,guidance.domains,available,42.99,42.99,high,low,8,namesilo,,,24/09/2026 02:39
a87df0da-37e7-4042-89e8-8b42f1a57be3,organismic.domains,available,44.98,53.98,medium,low,10,namecheap,,,04/09/2026 17:49
e541adbe-d4d4-46b1-bbbb-f4a49cd9f185,restive.domains,available,19.99,56.99,medium,low,7,name.com,,,15/08/2026 09:28
e2e136be-1ffb-4c66-a1d7-2efd7fb75f97,achromatic.domains,available,19.99,56.99,medium,low,10,name.com,,,
ba9952d7-50b7-426c-9db2-ef7c8c00b168,nightfall.domains,available,42.99,42.99,high,low,9,namesilo,,,11/09/2026 21:44
4d59df03-34d2-496f-bada-60e5d73845bd,darkness.domains,available,19.99,56.99,high,low,8,name.com,,,13/08/2026 17:53
ec2475a3-a39a-4b31-93d3-995358b20e5c,baseborn.domains,available,19.99,56.99,low,low,8,name.com,,,08/08/2026 21:34
9668b690-e08b-46fa-bade-147fa83b864d,barrister.domains,available,42.99,42.99,high,low,9,namesilo,,,22/09/2026 08:39
411c2299-f3b6-464a-8323-8b323ccb9360,pensacola.domains,available,42.99,42.99,high,low,9,namesilo,,,25/09/2026 23:59
ac767cd4-bc11-4311-b495-c65def67f341,spreading.domains,available,42.99,42.99,medium,low,9,namesilo,,,10/09/2026 16:45
2be2dc82-8f1b-446c-a33b-7c16f453c206,nonwhite.domains,available,19.99,56.99,medium,low,9,name.com,,,13/08/2026 18:06
5ae1504c-664d-4f0f-9283-a408f810706d,quarter.domains,available,19.99,,high,low,7,name.com,,,
b06e2ce7-7431-42d1-94ef-47a5fbd0ff00,eparchial.domains,available,19.99,56.99,low,low,9,name.com,,,17/08/2026 10:12
f8420a53-9f28-4d06-afc1-80c6994a2194,label.domains,available,19.99,,high,low,5,name.com,,,
392d6483-3350-4cc2-9be4-1e97636130cf,tyler.domains,available,42.99,42.99,high,medium,5,namesilo,,,25/09/2026 08:02
2547f436-614c-492e-a48d-fa69796446b7,oxygen.domains,available,19.99,,high,low,6,name.com,,,
59dffaa3-582e-4f47-bceb-6c6c343c946f,poulet.domains,available,19.99,56.99,high,low,6,name.com,,,12/08/2026 04:55
58a42899-081e-4e2a-a2a0-0c29bda91167,guthrie.domains,available,42.99,42.99,high,low,7,namesilo,,,25/09/2026 06:47
ca6f2740-f95d-494b-822c-2a7e22cd4b02,umbrellas.domains,available,44.98,53.98,medium,low,9,namecheap,,,18/09/2026 22:52
8ec6be43-42e5-4fb7-abb6-9c088f0ecd98,joyfully.domains,available,44.98,53.98,high,low,8,namecheap,,,14/09/2026 21:32
5bb39405-afae-48d8-82ed-d980a4d05dcd,colossal.domains,available,19.99,56.99,high,low,8,name.com,,,12/08/2026 17:57
696e329a-c492-4c52-8057-2093d978d328,denominate.domains,available,19.99,56.99,high,low,10,name.com,,,14/08/2026 03:43
c2ad34f9-c364-4449-b7e8-56b3321ad9da,beatific.domains,available,19.99,56.99,high,low,8,name.com,,,
b4d2abf4-8004-487a-8ae9-b222e0e30f1f,reed.domains,premium,78.54,78.54,high,low,4,namesilo,,,22/09/2026 21:42
c92f335d-eaee-41b0-b3f4-e508c5fdefa0,congestion.domains,available,19.99,,high,low,10,name.com,,,
55437b16-f705-4648-986d-249b45294288,attendance.domains,available,42.99,42.99,high,low,10,namesilo,,,21/09/2026 01:23
702914d3-5fe4-44b3-bc39-724ff6c90281,blowback.domains,available,42.99,42.99,medium,low,8,namesilo,,,21/09/2026 15:28
4fddbbf8-1006-4a98-b47c-094ae37a55d8,esophageal.domains,available,19.99,56.99,medium,low,10,name.com,,,17/08/2026 13:16
edc71020-7e10-43e2-bc9d-001b4d60a653,adhere.domains,available,44.98,53.98,high,low,6,namecheap,,,23/09/2026 17:04
3375a4d1-8dcf-48fd-a82a-0e301ecf5c10,fireball.domains,available,42.99,42.99,high,low,8,namesilo,,,21/09/2026 22:35
78c88a08-613e-448a-9c12-6eb585001ebf,orthoptic.domains,available,44.98,53.98,medium,low,9,namecheap,,,04/09/2026 18:06
067e2726-fdfa-4d26-b99f-ade5deb8a532,blewit.domains,available,44.98,53.98,low,low,7,namecheap,,,17/09/2026 21:32
44cddb43-6323-4cc2-a647-a261434793c9,phonemic.domains,available,44.98,53.98,medium,low,8,namecheap,,,08/09/2026 19:02
361e891d-8547-48f8-a101-dc633fd7956a,unmade.domains,available,19.99,56.99,medium,low,6,name.com,,,12/09/2026 15:15
f45a124d-70a3-438b-8148-9543642597b3,sparing.domains,available,19.99,56.99,high,low,7,name.com,,,18/08/2026 16:58
8503cf3c-ba73-4191-9dd1-414c321c705b,ajuga.domains,available,42.99,42.99,medium,low,5,namesilo,,,17/09/2026 23:42
18cbb82e-8d18-47fa-adb9-ac3810b8d7c3,aflare.domains,available,19.99,56.99,medium,low,6,name.com,,,
3d65f49e-b2e6-49ef-be51-0a243ec0f134,female.domains,available,42.99,42.99,high,low,6,namesilo,,,24/09/2026 11:24
0182c646-be2b-42b0-b5c3-83307d6beeb9,babbling.domains,available,42.99,42.99,high,low,8,namesilo,,,21/09/2026 12:23
3816dea1-75a0-4367-ad76-cd0ef8f54cd5,consultive.domains,available,19.99,56.99,medium,low,10,name.com,,,
7918b394-9cdd-43df-b0f4-3a65da24dc10,cowboy.domains,available,19.99,,high,low,6,name.com,,,
fe0cc041-899b-498e-891f-2b42ec4cc16c,middlemost.domains,available,19.99,56.99,medium,low,10,name.com,,,24/08/2026 22:27
a15b11dc-f72b-4390-93bf-43dd2fd1381f,actinoid.domains,available,19.99,56.99,medium,low,8,name.com,,,
2808bd8a-44f6-46a1-88c7-c4de6b4b1c61,favoritism.domains,available,42.99,42.99,high,low,10,namesilo,,,24/09/2026 22:35
707c2d35-9f8d-4914-934a-aa155ce6cba0,cheapjack.domains,available,19.99,56.99,medium,low,9,name.com,,,12/08/2026 03:25
a7d96d3f-4eb8-4f2c-8796-cf84aa9526a0,barbecues.domains,available,42.99,42.99,medium,low,9,namesilo,,,21/09/2026 08:34
3bf8f322-918c-40c5-9c3e-9a1c0fa5565e,languorous.domains,available,19.99,56.99,medium,low,10,name.com,,,22/08/2026 18:05
67213aa4-e6b0-4c18-835c-e94d45bbb680,storm.domains,available,42.99,42.99,high,medium,5,namesilo,,,25/09/2026 10:14
785e7146-3286-46e2-ad07-22e5245ae540,pluton.domains,available,44.98,53.98,medium,low,6,namecheap,,,22/09/2026 13:46
d7c3b3a7-2cd6-4ebc-9eb5-b64adea01be8,underwear.domains,available,19.99,,high,low,9,name.com,,,
cc523931-feba-4046-8bfc-0eb1d7c5473d,clannish.domains,available,19.99,56.99,medium,low,8,name.com,,,12/08/2026 09:35
ae740611-a7bf-4edb-8680-241cebbd4bcd,ameer.domains,available,44.98,53.98,medium,low,5,namecheap,,,18/09/2026 18:04
2ecb8b90-b3c0-4fa0-8ccc-ca026a295296,fortuitous.domains,available,19.99,56.99,high,low,10,name.com,,,18/08/2026 12:43
93fa9b08-b9f8-44aa-afc2-da1e744be8a5,england.domains,available,19.99,,high,low,7,name.com,,,
1464d635-a16d-46b7-b622-c9a6f599e5e6,armature.domains,available,42.99,42.99,high,low,8,namesilo,,,20/09/2026 06:32
5469edcd-9aaf-45ed-ba7b-52c21da657b7,ergodic.domains,available,19.99,56.99,medium,low,7,name.com,,,17/08/2026 12:09
0aae05de-9a5a-4fc6-82dd-192d337d4823,autarchy.domains,available,42.99,42.99,medium,low,8,namesilo,,,21/09/2026 05:05
bdbdf931-37c3-43f5-bd21-220aa98183f9,haunting.domains,available,19.99,56.99,high,low,8,name.com,,,21/08/2026 01:34
46d6d1b3-68a0-4667-b6c5-1efda112bb60,uncrossed.domains,available,42.99,42.99,medium,low,9,namesilo,,,12/09/2026 06:33
c3723472-1ece-4707-80fc-8d2604b62cfd,braless.domains,available,19.99,56.99,low,low,7,name.com,,,08/08/2026 18:29
6a4904bb-60a6-405d-b6a1-46385f9b8156,jacks.domains,premium,242,242,high,low,5,namesilo,,,
b0e865cc-bcf8-4c35-abe4-f33e9dee98cb,acanthus.domains,available,44.98,53.98,medium,low,8,namecheap,,,16/09/2026 21:02
62c102a3-911d-433a-827d-be918e1b0621,allotropic.domains,available,19.99,56.99,medium,low,10,name.com,,,
740db1fb-f992-4349-895c-7017ce18f502,plummet.domains,available,42.99,42.99,medium,low,7,namesilo,,,08/09/2026 21:42
678c812f-4725-4ec7-8b7d-5587f37e6ee4,exponent.domains,available,42.99,42.99,high,low,8,namesilo,,,17/09/2026 11:51
9ff005e2-9d66-4982-9926-72fbedb0d9d9,arius.domains,available,42.99,42.99,medium,low,5,namesilo,,,20/09/2026 06:03
7edd4b2c-7f6e-4294-b0a5-8fd260370001,protective.domains,available,19.99,,high,low,10,name.com,,,
ec76b246-bbdb-4023-a22e-8db07a214162,vindictive.domains,available,19.99,56.99,medium,low,10,name.com,,,14/08/2026 04:21
8c2ec88c-6488-4413-9906-6c2755776696,bindery.domains,available,42.99,42.99,medium,low,7,namesilo,,,23/09/2026 17:11
0c35a262-5dbb-432c-b067-195c4e734b3a,resect.domains,available,19.99,56.99,medium,low,6,name.com,,,17/08/2026 15:12
10372e5c-d0bf-416a-888f-54ba75951da0,vhs.domains,available,42.99,42.99,high,low,3,namesilo,,,16/09/2026 06:26
0c1a504b-f42b-48b7-97bb-b28b907e4107,freewill.domains,available,19.99,56.99,high,low,8,name.com,,,18/08/2026 15:00
bb738552-9a04-46d0-8706-0d4e96217368,ant.domains,available,,,high,medium,3,,,,
ee3522ea-bf50-442c-91b9-8467e00b28d8,placid.domains,available,19.99,56.99,high,low,6,name.com,,,17/08/2026 14:50
7e0a2911-0bbd-473f-8141-37ea314c40b3,indwelling.domains,available,19.99,56.99,high,low,10,name.com,,,22/08/2026 03:37
c185aeb2-d6d7-4694-862c-52102d4fc7eb,street.domains,available,42.99,42.99,high,low,6,namesilo,,,25/09/2026 14:24
0e486acd-bb67-4745-98ad-8269af35a059,adored.domains,available,44.98,53.98,high,low,6,namecheap,,,21/09/2026 19:35
e087a13c-eee1-4259-9825-ae091cbb1d4d,carnal.domains,available,19.99,56.99,high,low,6,name.com,,,
e5ff5cb4-2762-43c8-918d-7d09085c99ce,hug.domains,available,19.99,,high,low,3,name.com,,,
a4ce05fb-1ce6-4d0f-a08c-1b7014d047ca,effort.domains,available,42.99,42.99,high,low,6,namesilo,,,23/09/2026 07:47
c6113469-0fb1-475f-aeca-aebbffc09316,abidance.domains,available,44.98,53.98,medium,low,8,namecheap,,,16/09/2026 15:33
7797fb7a-06c3-4258-9df9-294b3d560cba,point.domains,available,19.99,,high,low,5,name.com,,,
fb4f0a3b-0d75-4476-9c44-ad4bd5b4768f,exorbitant.domains,available,19.99,56.99,medium,low,10,name.com,,,17/08/2026 17:36
b87d97f0-3314-4758-b101-a8f3a7899b0a,afresh.domains,available,44.98,53.98,high,low,6,namecheap,,,13/09/2026 18:01
6d671fce-066d-4967-abfd-de3c5ee84e9d,waters.domains,available,19.99,,high,low,6,name.com,,,
f59ad46c-b760-4666-a3fc-1ccb0c42935c,bulldog.domains,available,42.99,42.99,high,low,7,namesilo,,,24/09/2026 11:08
dca72048-cff1-432b-bf08-0c0ddaf8fbd5,perfectly.domains,available,19.99,,high,low,9,name.com,,,
ce46f966-4f1a-4677-8225-7babbbc0ce57,spell.domains,available,42.99,42.99,high,low,5,namesilo,,,24/09/2026 22:24
855130aa-8f14-494e-b5ff-a4f3ffd41bdf,defile.domains,available,19.99,56.99,medium,low,6,name.com,,,24/08/2026 12:53
acffb690-cb00-4d60-95d1-10b2f866ea55,basilar.domains,available,19.99,56.99,medium,low,7,name.com,,,08/08/2026 22:16
a4cc595e-1967-474f-8759-1158b4c5da2e,zigzag.domains,available,19.99,56.99,high,low,6,name.com,,,13/08/2026 05:04
06e973a2-db2b-4b50-ad7b-11e8fefb64b7,evidenced.domains,available,19.99,56.99,high,low,9,name.com,,,17/08/2026 15:00
899f6f7c-a074-4a9a-a667-9e188e31451f,acrilan.domains,available,44.98,53.98,medium,low,7,namecheap,,,17/09/2026 03:06
101742f1-3751-4891-8692-81c288323601,bilateral.domains,available,19.99,56.99,high,low,9,name.com,,,09/08/2026 21:14
0ba7c237-2981-43c6-bc0c-db6787ca4b0e,catoptric.domains,available,19.99,56.99,medium,low,9,name.com,,,11/08/2026 22:12
06d3edff-e652-4e50-832e-01a17486c460,gloved.domains,available,19.99,56.99,high,low,6,name.com,,,20/08/2026 14:52
c262e594-0674-4897-a16f-e7908b6577b4,alumna.domains,available,19.99,56.99,high,low,6,name.com,,,20/08/2026 17:44
e5532b94-4eb2-4e17-9ac7-98415bf6eedd,bjp.domains,available,19.99,,high,low,3,name.com,,,
b4365a5e-a495-4512-9134-fc03f633a722,choked.domains,available,19.99,56.99,medium,low,6,name.com,,,12/08/2026 06:39
96b4c970-bdbb-438f-9c69-9d72dc6e992e,alps.domains,available,42.99,42.99,high,low,4,namesilo,,,18/09/2026 14:12
55e6c740-5387-465d-8ee6-037f6fa4e42f,detoxify.domains,available,19.99,,high,low,8,name.com,,,
87bf849a-634a-46f0-abcd-6badb3b2ac7d,amulet.domains,available,42.99,42.99,high,low,6,namesilo,,,19/09/2026 00:10
9f9a4c7a-08b8-45c6-aa99-d50977256de5,beatles.domains,available,42.99,42.99,high,low,7,namesilo,,,22/09/2026 21:43
1e9a61ab-5d7d-461b-ba90-27e2d8fcc4a5,underwater.domains,available,44.98,53.98,high,low,11,namecheap,,,16/09/2026 17:58
a5e9d652-6e35-4271-ad22-d6f0b1ce1a2e,swop.domains,available,44.98,53.98,high,low,4,namecheap,,,22/09/2026 08:57
746a7947-d622-4fae-b384-fbc4c9553b06,marvelous.domains,available,42.99,42.99,high,low,9,namesilo,,,25/09/2026 00:13
cac1459a-d11d-41f8-9d31-7636cec3478e,none.domains,available,42.99,42.99,high,low,4,namesilo,,,25/09/2026 23:02
236bdf9f-e152-47ea-afe2-3893e8afde44,moonless.domains,available,19.99,56.99,medium,low,8,name.com,,,25/08/2026 05:54
4bade8e5-2556-467d-9dcb-2d7e42cc8f75,banishment.domains,available,44.98,53.98,medium,low,10,namecheap,,,22/09/2026 02:06
c6a98f5b-277c-4c0b-bfed-2cbbb5b5c25a,generating.domains,available,19.99,,medium,low,10,name.com,,,
571c1630-984f-47b1-b330-5b3abb8e0ad4,despite.domains,available,19.99,,high,low,7,name.com,,,
082fb234-960c-45b0-ade2-4c87d69f57c1,lafayette.domains,available,19.99,,high,low,9,name.com,,,
2aa278b4-1385-489c-8c6c-80dbc6b138d8,argot.domains,available,42.99,42.99,medium,low,5,namesilo,,,13/09/2026 04:14
01eca6f1-c565-402d-893e-6d6cf7926a1e,eastbound.domains,available,19.99,56.99,high,low,9,name.com,,,14/08/2026 22:50
a80a72cc-d2c6-4626-a5e7-f2bb3ee352ca,cellphone.domains,available,42.99,42.99,high,low,9,namesilo,,,24/09/2026 13:27
86490d37-cb51-4d4b-aec6-675ea3a83be8,rhodesian.domains,available,19.99,56.99,high,low,9,name.com,,,09/09/2026 16:41
43b56d16-fe24-4cc4-86fc-69da59cbcc1d,moist.domains,available,19.99,56.99,high,low,5,name.com,,,13/08/2026 16:43
963f13a7-9353-422b-8788-40edfe72f9d7,adorer.domains,available,42.99,42.99,high,low,6,namesilo,,,17/09/2026 09:45
e02477e3-9091-4122-8c72-4cea34f95225,smarting.domains,available,42.99,42.99,medium,low,8,namesilo,,,10/09/2026 11:48
2c3ae309-16be-44d4-b96d-14fa865c354e,cypher.domains,available,19.99,56.99,high,medium,6,name.com,,,
575a31c6-65f8-4bd8-953b-2e271e5c324a,unjust.domains,available,19.99,56.99,medium,low,6,name.com,,,22/08/2026 03:49
3bdd116e-b8ba-43d3-862b-c9b671ab9d06,hydrogen.domains,available,44.98,53.98,high,low,8,namecheap,,,20/09/2026 21:53
f7e585bc-642c-4f94-a898-c69bad94a8c2,ergonomic.domains,available,19.99,56.99,high,low,9,name.com,,,17/08/2026 12:11
c2050078-6638-4922-8705-09da358e79d8,cryonic.domains,available,19.99,56.99,medium,low,7,name.com,,,13/08/2026 09:37
55c5f24f-fcac-4d5e-83a3-a8029b9140b9,duplicate.domains,available,42.99,42.99,high,low,9,namesilo,,,24/09/2026 11:48
c92fdbb2-f28f-42ed-867b-d44a98488386,xeric.domains,available,19.99,56.99,medium,low,5,name.com,,,13/09/2026 14:07
eac93a4f-f5f3-48c1-b296-f753a85f1c29,distaff.domains,available,19.99,56.99,medium,low,7,name.com,,,14/08/2026 13:01
373e3e2b-b91a-4ba4-b24e-dc7c0a4debba,lists.domains,available,44.98,53.98,high,low,5,namecheap,,,17/09/2026 08:32
33da5461-03de-4361-973f-d26b7b3818b9,cultural.domains,resell,,,high,low,8,"GoDaddy.com, LLC",30/05/2026 10:57,30/05/2027 10:57,13/08/2026 10:15
f449db1c-573a-4fa9-914b-e72f21c975f2,career.domains,available,19.99,,high,low,6,name.com,,,
831b67b4-40d0-4fa4-a15b-3f09c7b62b18,dartmouth.domains,available,42.99,42.99,medium,low,9,namesilo,,,25/09/2026 04:45
ff943f0d-f05a-4215-adde-547028ac3dc7,drifter.domains,available,42.99,42.99,medium,low,7,namesilo,,,13/09/2026 00:50
e53d7329-b936-478d-aa99-2915eab2ef87,hundredth.domains,available,19.99,56.99,high,low,9,name.com,,,
eba027cb-6072-4e8d-83a1-8c1f5b202cb1,salubrious.domains,available,19.99,56.99,high,low,10,name.com,,,20/08/2026 16:33
b0fd259b-7355-4491-83d4-69987248b9e7,dispersive.domains,available,19.99,56.99,medium,low,10,name.com,,,14/08/2026 07:12
bc2570e5-0f61-4a61-b90e-d51fe8c5acfb,milne.domains,available,42.99,42.99,medium,low,5,namesilo,,,16/09/2026 12:53
ca6340d0-c83e-4d25-b8f1-38b47547a399,horrifying.domains,available,19.99,56.99,medium,low,10,name.com,,,18/08/2026 15:42
227a2a8e-27d5-4f4b-97bd-30cc98d158b2,sideline.domains,available,44.98,53.98,high,low,8,namecheap,,,21/09/2026 09:42
b7b12b24-9da7-4d0d-8eb8-16d30e70cbff,insipid.domains,available,19.99,56.99,medium,low,7,name.com,,,10/08/2026 12:59
dc08cde2-c8c0-4947-ad62-cdb0b1d52d97,rectified.domains,available,19.99,56.99,high,low,9,name.com,,,09/09/2026 11:55
1f4b0f26-d309-40e6-9436-0329298173db,amun.domains,available,44.98,53.98,medium,low,4,namecheap,,,18/09/2026 18:29
bfe8f4cf-add9-4d22-aa11-36a8f74830d9,species.domains,available,42.99,42.99,high,low,7,namesilo,,,26/09/2026 00:22
6e8d0579-251e-477e-b1a6-18a24541d63a,worldling.domains,available,42.99,42.99,medium,low,9,namesilo,,,11/09/2026 10:47
18b4fa98-45c9-4e20-96cd-7c1ac880486e,shelters.domains,available,42.99,42.99,high,low,8,namesilo,,,20/09/2026 23:17
4736166e-24a0-4ef3-a0f8-2c49b0d90d81,lacing.domains,available,42.99,42.99,medium,low,6,namesilo,,,13/09/2026 11:13
54791c7b-7706-49ab-b610-c7bb9f1fd485,coupons.domains,premium,854,854,medium,low,7,namesilo,,,21/09/2026 07:55
1caf9379-c8c5-4fe4-a4db-fc6e685774ea,coincident.domains,available,19.99,56.99,medium,low,10,name.com,,,12/08/2026 13:18
0e7a2cad-6761-4598-8920-1c17bf9c8aa7,attract.domains,available,19.99,,high,low,7,name.com,,,
afdc1f07-9d7a-499c-8707-250f81611827,cubical.domains,available,19.99,56.99,medium,low,7,name.com,,,13/08/2026 09:51
32f59c3a-70d0-4886-a111-bd7e24b70521,stud.domains,available,42.99,42.99,high,low,4,namesilo,,,24/09/2026 23:35
20f2d65b-9d39-4937-bf33-b04b19040688,kenalog.domains,available,42.99,42.99,medium,low,7,namesilo,,,20/09/2026 05:49
a7b7964d-e139-4fc2-9e8e-398523dcf976,validated.domains,available,42.99,42.99,high,low,9,namesilo,,,13/09/2026 00:59
5dbb25e6-6719-4834-955c-6e6eaa24411f,elated.domains,available,19.99,56.99,high,low,6,name.com,,,16/08/2026 00:44
b8ec8f76-daee-4667-bc16-4af62a72c8cd,quaternary.domains,available,19.99,56.99,medium,low,10,name.com,,,
c89689fc-5543-4ec0-bbbb-a3ca65f12f31,eventful.domains,available,19.99,56.99,high,low,8,name.com,,,12/08/2026 22:36
a1e23680-83f1-4dc0-be91-b93a04b8aa78,vented.domains,available,42.99,42.99,medium,low,6,namesilo,,,13/09/2026 02:12
8f7bf429-2cd5-484a-94d1-e0d61a9ad76e,apathy.domains,available,42.99,42.99,medium,low,6,namesilo,,,19/09/2026 16:17
9a1b0b1b-2b0e-482d-8e6c-4c30ae8c8cc1,filets.domains,available,42.99,42.99,medium,low,6,namesilo,,,20/09/2026 11:33
8209249f-164d-4ac8-bfd3-49d3af9c139a,stemless.domains,available,19.99,56.99,medium,low,8,name.com,,,
016bef19-e3c8-42d6-933a-1f145e8cc69f,accession.domains,available,42.99,42.99,high,low,9,namesilo,,,16/09/2026 22:09
c9ef99d5-1ff1-48b0-ac7a-bbdd0a068e3a,mechanic.domains,available,42.99,42.99,high,low,8,namesilo,,,25/09/2026 18:40
acf0100f-3034-4e8b-b846-30a90f5bbad6,spaciously.domains,available,42.99,42.99,medium,low,10,namesilo,,,16/09/2026 00:04
30e32371-2b5f-48a1-8233-47052c4c51e3,wesleyan.domains,available,19.99,56.99,high,low,8,name.com,,,24/08/2026 22:00
c728408a-58c7-45e8-b89c-cb4a2ca3a3b0,monger.domains,available,42.99,42.99,high,low,6,namesilo,,,22/09/2026 05:36
784a731b-20f6-4db6-b7c6-ea832eba6169,wrench.domains,available,19.99,,high,low,6,name.com,,,
df8268bf-fb73-4996-a8a1-d1eee5f2207d,innocent.domains,available,19.99,56.99,high,low,8,name.com,,,12/08/2026 10:16
897241db-d2a0-4c85-a91e-8399c2ce70fa,hoydenish.domains,available,19.99,56.99,low,low,9,name.com,,,21/08/2026 14:29
23c3e9a5-68d3-4259-8f22-d7eaec33eb26,skin.domains,premium,500,,high,low,4,name.com,,,
2da38b5c-4dad-4a33-9c8e-44771ebdced1,worship.domains,available,42.99,42.99,high,low,7,namesilo,,,17/09/2026 09:43
ec3c2fa8-e728-4bcf-92cc-978f1c87c808,sculpture.domains,available,19.99,56.99,high,low,9,name.com,,,20/08/2026 18:45
ae6aed1d-de4b-4918-9091-ec4fec89702a,formicary.domains,available,42.99,42.99,medium,low,9,namesilo,,,19/09/2026 13:26
c5b5e110-237e-44ef-85f4-55cbbfe16707,clients.domains,available,44.98,53.98,high,low,7,namecheap,,,19/09/2026 19:21
5e84b5d3-f5ce-4d7a-9b4e-83fcb4e76b22,sapphic.domains,available,19.99,56.99,high,low,7,name.com,,,23/08/2026 00:18
9c472996-846b-4733-9527-a84b063a845a,clue.domains,available,19.99,,high,low,4,name.com,,,
486e1854-e9c0-4c5d-947b-1f2c12ba9d24,albitic.domains,available,19.99,56.99,medium,low,7,name.com,,,
097c75d5-66fe-4c2b-9ace-708985a7ea62,polydactyl.domains,available,42.99,42.99,medium,low,10,namesilo,,,08/09/2026 23:13
cd5280a2-d506-45d2-b1be-dff760b8ad5b,diane.domains,available,44.98,53.98,high,low,5,namecheap,,,25/09/2026 19:09
a5dce25a-f55b-472c-a768-74667b9dbd3d,benson.domains,available,42.99,42.99,high,low,6,namesilo,,,25/09/2026 15:16
1cd52691-ec14-435e-b9f2-caa64eb1c15e,anpu.domains,available,42.99,42.99,medium,low,4,namesilo,,,19/09/2026 11:59
cf84166e-420c-4e93-ab9a-528fe2090049,justice.domains,available,42.99,42.99,high,medium,7,namesilo,,,19/09/2026 10:07
f8614317-c90a-4ba7-a570-195236c27e04,actresses.domains,available,42.99,42.99,medium,low,9,namesilo,,,20/09/2026 05:14
0616b3a1-1236-4f76-a8ed-196e8adf0eeb,retailing.domains,available,44.98,53.98,high,low,9,namecheap,,,23/09/2026 07:59
9b1dcc80-bd3d-4dc6-84ee-6eae46921a06,monstrous.domains,available,19.99,56.99,medium,low,9,name.com,,,07/08/2026 14:47
b801b790-be84-41b8-b620-832feec4d75d,saloon.domains,available,44.98,53.98,high,low,6,namecheap,,,22/09/2026 03:40
519bb976-cf06-4f82-8a53-580cd4148ba1,sissified.domains,available,19.99,56.99,medium,low,9,name.com,,,12/08/2026 08:41
fa60a6d3-92cb-495a-817e-63776aa6b2b7,adiabatic.domains,available,19.99,56.99,medium,low,9,name.com,,,
722c4f04-8e1a-451a-8f3d-3cbd6fc6bb37,feb.domains,available,19.99,,high,low,3,name.com,,,
423bf13b-b947-4712-a31a-b04d80fed377,mute.domains,available,19.99,56.99,high,low,4,name.com,,,13/08/2026 16:51
8b07dddc-3ebb-4dc5-80fc-35d56b593379,ashir.domains,available,42.99,42.99,medium,low,5,namesilo,,,20/09/2026 13:53
c9fce0e1-fd16-4f02-8c63-61621bfde3ae,ambiguity.domains,available,42.99,42.99,high,low,9,namesilo,,,18/09/2026 16:43
fc77717d-c7b2-4553-a3f2-8b2ee6dd960e,windward.domains,available,42.99,42.99,high,low,8,namesilo,,,13/09/2026 12:22
f0b73fe5-aa98-44ce-a1af-4c911143f990,iraqi.domains,available,19.99,56.99,high,low,5,name.com,,,22/08/2026 09:35
c529cd84-ba19-46b6-bd69-57f46bfd17dd,outmoded.domains,available,19.99,56.99,medium,low,8,name.com,,,14/08/2026 01:15
d220fb0f-d73d-4b81-8a61-13b793f97b9b,archil.domains,available,42.99,42.99,medium,low,6,namesilo,,,20/09/2026 02:06
688dae85-2e4a-4857-8d80-c7d9b9eb15c0,recommending.domains,available,42.99,42.99,medium,low,12,namesilo,,,20/09/2026 20:42
70205170-9198-4bfd-a4d3-5d44d57eb84e,bicameral.domains,available,19.99,56.99,medium,low,9,name.com,,,09/08/2026 19:06
0d6c6453-1cee-4bfc-9ab1-11b4adb52477,leaders.domains,available,19.99,,high,low,7,name.com,,,
be4eeb03-4df5-4813-bfa5-dde870931ef0,destroyed.domains,available,42.99,42.99,medium,low,9,namesilo,,,24/09/2026 07:01
660b02c2-b538-480b-ae78-65997692f91d,disease.domains,available,19.99,,high,low,7,name.com,,,
1ef03217-004c-4c6c-8657-fabc62b4b594,hypnotised.domains,available,19.99,56.99,medium,low,10,name.com,,,17/08/2026 22:48
8ab468a4-fe2a-4378-9239-e102570e6765,hydric.domains,available,19.99,56.99,medium,low,6,name.com,,,21/08/2026 16:23
7b48a84d-afc4-48f9-aec1-b00a5ab4e841,absorbing.domains,available,42.99,42.99,high,low,9,namesilo,,,21/09/2026 15:02
d3a5c51a-f533-45ad-9296-7333f7162805,tux.domains,available,42.99,42.99,high,low,3,namesilo,,,24/09/2026 01:52
d37e9319-d33d-4ac3-9b54-c5828f470aaa,rarefied.domains,available,19.99,56.99,medium,low,8,name.com,,,17/08/2026 15:44
f2028bc7-1bed-44a9-988b-b09e82a2dcae,amiable.domains,available,44.98,53.98,high,low,7,namecheap,,,21/09/2026 21:32
dc06ca37-5a3c-4c27-89c0-0e768fa448c8,impartial.domains,available,19.99,56.99,high,low,9,name.com,,,21/08/2026 21:45
883c09e5-7653-428b-8ad9-176e0ea419e1,doctors.domains,available,42.99,42.99,high,low,7,namesilo,,,18/09/2026 07:41
535b5416-47e1-48be-a82d-c9bc0f4a4614,sunless.domains,available,19.99,56.99,medium,low,7,name.com,,,12/08/2026 12:31
d1267c64-6b49-492c-80b9-074150ea9927,bugbane.domains,available,44.98,53.98,medium,low,7,namecheap,,,18/09/2026 20:09
e8cd3561-05aa-4045-96d3-85d28080f5fe,erosion.domains,available,42.99,42.99,high,low,7,namesilo,,,13/09/2026 09:06
3b8d54bf-8d37-4653-b307-db7581169d7e,grimly.domains,available,42.99,42.99,medium,low,6,namesilo,,,14/09/2026 22:25
2ae57041-3c82-4597-880d-fdc16e2badd1,nonunion.domains,available,44.98,53.98,medium,low,8,namecheap,,,03/09/2026 20:58
a2e269b4-c8df-4cab-a94e-6b846264d4ac,contrite.domains,available,19.99,56.99,high,low,8,name.com,,,12/08/2026 23:34
085f6fca-0cb5-4532-81b8-58eecaf774c3,ser.domains,available,19.99,,high,low,3,name.com,,,
abef8346-b6c6-49ee-ade7-37354252c891,basil.domains,available,42.99,42.99,high,low,5,namesilo,,,22/09/2026 10:43
244b40f7-1524-4f42-b4a7-e99baad00829,crepuscle.domains,available,42.99,42.99,medium,low,9,namesilo,,,11/09/2026 21:50
f4892ec8-5e8b-4a3a-9297-88ecd2b69be5,schilling.domains,available,44.98,53.98,high,low,9,namecheap,,,21/09/2026 04:58
f3f5f72e-d5d6-4350-abf0-0413e3b73135,dicky.domains,available,19.99,56.99,medium,low,5,name.com,,,14/08/2026 06:27
1dbd0aeb-b63e-46bb-823f-e0df2207cecc,wide.domains,available,42.99,42.99,high,low,4,namesilo,,,21/09/2026 16:15
6b77c6c8-34b7-4fcd-b0d0-c9fe558dfcbd,babka.domains,available,42.99,42.99,high,low,5,namesilo,,,21/09/2026 12:47
a86ee796-1a67-4414-97e7-db48cdf016aa,seed.domains,resell,,,high,low,4,"GoDaddy.com, LLC",10/05/2020 18:28,10/05/2027 18:28,25/09/2026 13:51
61ddd08b-cdd1-4548-84d0-2fe30c06dd0c,dire.domains,available,19.99,56.99,medium,low,4,name.com,,,14/08/2026 08:44
b3239ec8-8b23-4d4c-911f-29cf90268a43,wrap.domains,available,42.99,42.99,high,low,4,namesilo,,,26/09/2026 00:32
f34bdfec-f1ef-4649-a941-7bb75d11bed6,lithium.domains,available,19.99,56.99,high,low,7,name.com,,,23/08/2026 00:43
29f2d938-2da1-47a2-924a-6c1dfa1e3e75,reliever.domains,available,44.98,53.98,high,low,8,namecheap,,,18/09/2026 10:02
be076118-35ad-4c61-b4b1-e045c7336d6b,reformed.domains,available,42.99,42.99,high,low,9,namesilo,,,09/09/2026 10:53
d9206457-8d9c-410f-8250-170b57caa7a4,blusher.domains,available,42.99,42.99,medium,low,7,namesilo,,,18/09/2026 15:49
2f2c9d70-b808-440a-99d4-f830c9e8eb8c,advice.domains,available,19.99,,high,low,6,name.com,,,
2c88bdb9-7912-46a9-ae2e-2860ea36e444,limitation.domains,available,19.99,,medium,low,10,name.com,,,
83a75c8c-a711-4992-94b9-3b333b4ce71d,hierarchic.domains,available,19.99,56.99,medium,low,10,name.com,,,21/08/2026 08:20
17b8002d-00f9-47fd-96f1-22cd1e41984e,runny.domains,available,42.99,42.99,medium,low,5,namesilo,,,09/09/2026 19:37
f403ab3d-313f-431a-a36a-6ee2d9d9affb,polyphonic.domains,available,42.99,42.99,medium,low,10,namesilo,,,08/09/2026 23:27
c22cb9c3-71b2-4e7e-aefa-d122fe4ece56,joyously.domains,available,44.98,53.98,high,low,8,namecheap,,,14/09/2026 21:30
f6624921-a2d1-4f9b-9af3-66f256b26526,lemonlike.domains,available,19.99,56.99,medium,low,9,name.com,,,22/08/2026 23:27
7ee6ed7d-4ff2-4a89-9ea7-3b5a3f410207,astreus.domains,available,44.98,53.98,medium,low,7,namecheap,,,20/09/2026 17:34
dfa751ac-51df-4866-87b1-86fc37df93f5,creaseless.domains,available,19.99,56.99,medium,low,10,name.com,,,13/08/2026 05:47
3fcd1ecd-438e-4dc2-9ae4-42c2f26c5d52,tyro.domains,available,42.99,42.99,high,low,4,namesilo,,,23/09/2026 02:27
416b22f8-0de3-4494-8d28-e605ff5f1d42,implausible.domains,available,19.99,,medium,low,11,name.com,,,
c1a6cd28-1d68-47f3-b30a-ad7617b1a8c4,irksome.domains,available,19.99,56.99,medium,low,7,name.com,,,10/08/2026 20:01
9f9eb961-6ba6-4f78-adb6-8826f0a8e70a,newcomer.domains,available,19.99,56.99,high,low,8,name.com,,,18/08/2026 07:31
e1464799-2c39-4a01-bb34-b6e2242d5ef0,lateen.domains,available,19.99,56.99,medium,low,6,name.com,,,22/08/2026 20:29
925a2b1e-6326-41a5-8c69-f9a3c1346f68,tattooing.domains,available,42.99,42.99,high,low,9,namesilo,,,18/09/2026 01:47
6b367cc0-3b2b-433a-83c5-d286316e03e8,subversive.domains,available,19.99,56.99,high,low,10,name.com,,,22/08/2026 07:46
bf79b9f9-44c8-4d42-be5e-24a32a0ec35b,pristine.domains,available,19.99,,high,low,8,name.com,,,
ea21fc6f-1d92-4539-83c8-fea6f226cf7a,empiric.domains,available,19.99,56.99,high,low,7,name.com,,,16/08/2026 18:19
59dbc62c-680d-4a79-b609-959af1563f2f,algiers.domains,available,44.98,53.98,medium,low,7,namecheap,,,18/09/2026 06:59
8af603ba-3276-4975-9747-f4e06cb3bbac,tragedy.domains,available,42.99,42.99,medium,low,7,namesilo,,,24/09/2026 11:39
6b1eeb6a-d58f-421b-8d64-8cca8eb277c0,yearbook.domains,available,19.99,,high,low,8,name.com,,,
d5cb3708-47fa-44eb-9649-47c6c540ac35,between.domains,available,19.99,,high,low,7,name.com,,,
795782f1-f485-419e-9686-83c88ed507d6,unreactive.domains,available,44.98,53.98,medium,low,10,namecheap,,,12/09/2026 17:50
d4e9f448-c010-48b0-9588-e660f948916f,proclaiming.domains,available,19.99,,high,low,11,name.com,,,
6fe7b55a-b164-4a43-9296-9ebaacb2a5f2,aftermath.domains,available,44.98,53.98,high,low,9,namecheap,,,17/09/2026 15:43
50f57ce6-6357-462e-919b-60cc89063b28,soled.domains,available,42.99,42.99,medium,low,5,namesilo,,,10/09/2026 13:35
8039c4ff-3a02-468a-b1c3-b0875a24e384,accidental.domains,available,19.99,56.99,high,low,10,name.com,,,
03d71de9-ed97-48d3-86b2-e41d01a40d9c,equivalent.domains,available,42.99,42.99,high,low,10,namesilo,,,24/09/2026 14:50
917b8321-0876-4237-b90c-4327e14ccd1e,linearly.domains,available,42.99,42.99,medium,low,8,namesilo,,,15/09/2026 12:25
f54adb37-ffab-42ed-be2c-e4fea813e1c4,raise.domains,available,42.99,42.99,high,low,5,namesilo,,,24/09/2026 14:55
7e525d69-1769-42c4-8314-54fe7147d03d,later.domains,available,42.99,42.99,high,low,5,namesilo,,,21/09/2026 22:11
1f63357a-5b1f-4303-8db8-7676be4f3d12,bawdy.domains,available,19.99,56.99,medium,low,5,name.com,,,09/08/2026 02:05
4b097c2d-fa68-45ab-b23b-0890c6f2946d,drain.domains,available,42.99,42.99,high,low,5,namesilo,,,24/09/2026 23:49
e13dd3ac-48ab-48ca-ba17-325397f9ff2a,monotony.domains,available,19.99,56.99,medium,low,8,name.com,,,21/08/2026 15:10
82b34f13-881b-4b45-b675-a142354b1e2c,frost.domains,available,19.99,56.99,high,low,5,name.com,,,21/08/2026 10:05
86ebaa69-2b59-4fbb-8578-49d072bce998,athar.domains,available,44.98,53.98,high,low,5,namecheap,,,20/09/2026 19:25
1468e1d5-3ccd-43b5-aaac-0961ab31452a,person.domains,available,42.99,42.99,high,low,6,namesilo,,,25/09/2026 09:11
e3af0461-3e17-4fe6-8b0f-731c54b48a3e,depressant.domains,available,19.99,56.99,medium,low,10,name.com,,,14/08/2026 02:39
598e4b54-86c1-4fbf-94dc-209c5ded7859,freehand.domains,available,19.99,56.99,high,low,8,name.com,,,18/08/2026 14:55
15a60af0-2137-4456-9b17-9ebeccdb8ab1,bpm.domains,available,44.98,53.98,high,low,3,namecheap,,,22/09/2026 21:53
669a9939-33ec-4e62-937c-63c48a4ab3ce,deafened.domains,available,19.99,56.99,medium,low,8,name.com,,,13/08/2026 19:52
cdd64457-e745-43d1-bda5-d5abba7fa350,fuzzed.domains,available,19.99,56.99,medium,low,6,name.com,,,18/08/2026 19:20
cdca5830-0ffb-4e11-a744-613913124edf,pack.domains,available,42.99,42.99,high,low,4,namesilo,,,23/09/2026 16:28
6e3d1f05-29fd-41d7-a0a8-08bc5793beae,barm.domains,available,42.99,42.99,medium,low,4,namesilo,,,22/09/2026 06:34
dc8be3ec-e0b3-4709-a622-8d3a529c2e5b,rasping.domains,available,19.99,56.99,medium,low,7,name.com,,,20/08/2026 18:29
788fc8f0-63ae-4257-94c6-faf7216791e2,devote.domains,available,19.99,,high,low,6,name.com,,,
a340a6e3-7b58-4fbe-ae73-7de206cd7062,seymour.domains,available,44.98,53.98,high,low,7,namecheap,,,25/09/2026 07:56
efc77e57-4c32-4599-8cd6-3e3fd29cede4,bustle.domains,available,44.98,53.98,high,low,6,namecheap,,,17/09/2026 09:10
88d3c0cc-750a-4f38-822a-1e86429cfabd,augury.domains,available,42.99,42.99,medium,low,6,namesilo,,,21/09/2026 03:41
00ebd6ec-2ee7-421a-9039-ce8671c0b5a8,arabis.domains,available,44.98,53.98,medium,low,6,namecheap,,,19/09/2026 23:33
6852f030-3cf0-4a94-8e0f-b9a8e1362f4e,olfactive.domains,available,42.99,42.99,medium,low,9,namesilo,,,04/09/2026 02:13
11ffb162-d938-4125-a37c-8fb7549cf9c6,bashfully.domains,available,42.99,42.99,medium,low,9,namesilo,,,13/09/2026 23:41
1a4c051b-ac92-4e11-ae11-c912ec66a5fa,accusative.domains,available,19.99,56.99,high,low,10,name.com,,,
c1d8a1b8-0bdd-49a3-b8e4-eb1f57a94723,objected.domains,available,19.99,56.99,medium,low,8,name.com,,,18/09/2026 23:50
689b8569-7eb7-4606-9be4-aad4a3a8fb5e,lvi.domains,available,19.99,56.99,high,low,3,name.com,,,
e8be2cc4-bba2-4c0a-b694-135914c5fa51,armoured.domains,available,19.99,56.99,high,low,8,name.com,,,06/08/2026 20:10
4bb38016-4cfd-4e80-a68c-4fddf5b37ba3,appendage.domains,available,44.98,53.98,medium,low,9,namecheap,,,19/09/2026 20:35
e51a4bb2-2269-409c-bebc-834b08b9e1ba,bargee.domains,available,42.99,42.99,medium,low,6,namesilo,,,22/09/2026 05:47
46f90713-b766-4f9f-9837-6b8c3f9fc370,doze.domains,available,42.99,42.99,high,low,4,namesilo,,,24/09/2026 23:43
4d9cd744-6005-4cdb-b919-e9ca47ae61e1,promotive.domains,available,42.99,42.99,high,low,9,namesilo,,,09/09/2026 03:13
6791899d-8149-4dc2-9f88-e3cfd05c1344,screening.domains,available,19.99,,high,low,9,name.com,,,
28d184fe-7cc4-4cba-b31d-d764051a98ef,trivalent.domains,available,44.98,53.98,medium,low,9,namecheap,,,11/09/2026 20:13
6a8b909a-34e0-4a74-87ad-727246df919c,receptions.domains,available,42.99,42.99,medium,low,10,namesilo,,,20/09/2026 06:10
46133e9c-18a4-47ea-ae40-714b78b7f288,onto.domains,available,19.99,,high,low,4,name.com,,,
158688a3-73ad-4418-99fe-9c0751338ab8,strain.domains,available,19.99,,medium,low,6,name.com,,,
8cbae27c-b5c5-42b3-8438-0b484303c934,encouraging.domains,available,19.99,,high,low,11,name.com,,,
01d49a12-b01d-4eff-93df-eec56821d0df,inherently.domains,available,42.99,42.99,medium,low,10,namesilo,,,15/09/2026 08:20
45321778-43f2-4f87-b673-a6ddec92e9b8,cloudburst.domains,available,42.99,42.99,high,low,10,namesilo,,,24/09/2026 16:03
a4724776-c103-4bf3-b064-94e471355488,henbane.domains,available,42.99,42.99,medium,low,7,namesilo,,,24/09/2026 00:54
d9bff609-be28-4d29-a3f5-1e37f0019cd3,derivative.domains,available,19.99,56.99,high,low,10,name.com,,,14/08/2026 03:01
d3a902ef-9be0-4160-aff5-ad9aafd5f98e,aroused.domains,available,19.99,56.99,high,low,7,name.com,,,
0861a0d8-bf93-490d-a54c-504b233c8512,slaty.domains,available,42.99,42.99,medium,low,5,namesilo,,,10/09/2026 10:19
de2cd556-fedf-43e1-8b4e-a3d6556c4261,anodic.domains,available,42.99,42.99,high,low,6,namesilo,,,
3e1a0ee1-ef37-4243-867a-2e513338278e,comically.domains,available,42.99,42.99,medium,low,9,namesilo,,,14/09/2026 07:31
49ae9515-e88f-4983-b17f-281f348ab9af,beheaded.domains,available,19.99,56.99,medium,low,8,name.com,,,09/08/2026 10:21
1a5260c0-7743-48f6-b355-e62a3b935dc3,developing.domains,available,19.99,56.99,high,low,10,name.com,,,24/09/2026 07:59
16404b02-7e84-48ee-80e2-bbc595db3725,attention.domains,available,19.99,,high,low,9,name.com,,,
7b52eb88-e3da-48af-a50c-17f3cc3114b9,ingram.domains,available,42.99,42.99,medium,low,6,namesilo,,,26/09/2026 03:39
bcf29e3e-efe4-4475-a91a-98247b199db0,drops.domains,available,44.98,53.98,high,low,5,namecheap,,,18/09/2026 04:47
a38ce30a-d5e7-4fb9-bc6b-8bed1e0ea30f,ooze.domains,available,42.99,42.99,high,low,4,namesilo,,,04/09/2026 15:40
df7e47f1-205b-4bb2-b4f4-9548c0d2a4ee,prophetic.domains,available,19.99,56.99,high,low,9,name.com,,,09/09/2026 03:36
560334e6-9317-4025-85b3-f91a393a2b28,adamant.domains,available,19.99,56.99,high,low,7,name.com,,,
d8bbfc85-bb7b-423b-bade-ded5091ac857,unwonted.domains,available,42.99,42.99,low,low,8,namesilo,,,12/09/2026 22:48
2e7f7643-ddcf-4af0-b7c7-7fc54b3a0ac5,resettled.domains,available,42.99,42.99,high,low,9,namesilo,,,09/09/2026 13:41
4d43cde4-6230-433a-98c0-20a09f830945,stewardess.domains,available,42.99,42.99,high,low,10,namesilo,,,17/09/2026 22:26
c7a56496-0c5e-4d45-949d-9ba4eb0d789c,biform.domains,available,19.99,56.99,medium,low,6,name.com,,,09/08/2026 20:07
1aa1a0e9-0535-464c-8d74-9c0f2a96fa97,injured.domains,available,19.99,56.99,high,low,7,name.com,,,22/08/2026 05:38
a68fd3be-7587-4e30-8e2a-59207527d152,refunds.domains,available,42.99,42.99,medium,low,7,namesilo,,,20/09/2026 14:13
ec8d7365-145a-4e85-8a29-9ba2d2f0e6ed,multiplex.domains,available,19.99,56.99,high,low,9,name.com,,,24/08/2026 15:08
49ce83d5-5089-4a1c-80ac-b1349e9ce6fd,training.domains,premium,242,242,high,low,8,namesilo,,,25/09/2026 03:18
995b4bde-0980-47a4-9b2b-54795732ed6b,uncomfortably.domains,available,19.99,,low,low,13,name.com,,,
9203d4d1-5009-428c-8ac4-e1ac6e5d367b,exposit.domains,available,19.99,56.99,medium,low,7,name.com,,,15/08/2026 23:47
5220befd-52b3-44ed-81b0-abd0c0fdeaa9,telephone.domains,available,42.99,42.99,high,low,9,namesilo,,,26/09/2026 00:02
dd805ce7-742b-47a2-a6b4-4f1ffaec5863,flee.domains,available,19.99,,high,low,4,name.com,,,
26293c1a-f34a-4740-afd0-f4c0c7c96980,arachnid.domains,available,42.99,42.99,medium,low,8,namesilo,,,19/09/2026 23:40
c7bccc0e-a65f-431f-a6e1-56a0af8a05bc,envelope.domains,available,42.99,42.99,high,low,8,namesilo,,,25/09/2026 22:36
93462015-fb69-47ad-b6d8-446e9936a64c,alarmed.domains,available,19.99,56.99,medium,low,7,name.com,,,
d732df57-fbfd-4c5a-a0b2-c725f31bc309,balustrade.domains,available,42.99,42.99,high,low,10,namesilo,,,22/09/2026 00:29
bd1de37a-c376-40f8-9dec-b6afb4700566,gracie.domains,available,44.98,53.98,high,low,6,namecheap,,,18/09/2026 10:48
3db120a8-7957-45af-9ff5-d5bac08d0e7f,tapes.domains,available,42.99,42.99,medium,low,5,namesilo,,,25/09/2026 21:42
9a445f18-ced7-41ec-91ea-dcb3d31b8370,overside.domains,available,42.99,42.99,medium,low,8,namesilo,,,15/09/2026 18:29
35af531f-a43c-429a-89fb-62508f43ce01,consent.domains,available,42.99,42.99,high,low,7,namesilo,,,08/09/2026 13:17
205036a1-0afd-48f0-b0a4-eac7d18870ef,blithely.domains,available,42.99,42.99,medium,low,8,namesilo,,,14/09/2026 00:31
8364cebe-f2e2-4fd0-9d43-24562bc39a63,clever.domains,resell,,,high,medium,6,Dynadot Inc,11/11/2025 22:39,11/11/2026 22:39,23/09/2026 12:20
e8296e5d-d5f9-4825-8eaa-ae9ad1f48766,forecast.domains,available,42.99,42.99,high,low,8,namesilo,,,21/09/2026 03:40
e9dab9af-cf3d-4186-b638-5a2dd95c0abc,scrape.domains,available,42.99,42.99,high,low,6,namesilo,,,16/09/2026 16:59
5c46adae-754c-47b3-82b9-0789bc0fe7f6,avifauna.domains,available,42.99,42.99,medium,low,8,namesilo,,,21/09/2026 09:31
079eb3fd-49df-42db-a697-9ec8735b9873,cause.domains,available,42.99,42.99,high,low,5,namesilo,,,24/09/2026 13:11
e5d71362-baab-45f2-a50b-e1ac8b55a6cf,coverage.domains,available,19.99,,high,low,8,name.com,,,
94a74b3b-fc97-4d70-8d5d-c1d5afe1ce58,septic.domains,available,19.99,56.99,high,low,6,name.com,,,22/08/2026 04:07
58a4f6ef-f95b-44a9-a358-8739dd71a19e,race.domains,resell,,,high,low,4,"GoDaddy.com, LLC",12/03/2014 16:00,12/03/2027 16:00,
a6f2b4bd-d181-44e3-89cd-c81d7c42f36a,tartness.domains,available,42.99,42.99,medium,low,8,namesilo,,,17/09/2026 03:12
6779d4f0-e6c6-44b8-a2c2-7c36a19f4af8,curry.domains,available,19.99,,high,low,5,name.com,,,
5d1dcbc0-aef6-4f11-a945-0808008109dc,senegalese.domains,available,42.99,42.99,high,low,10,namesilo,,,10/09/2026 03:43
620b23d7-df3f-4bd1-aff8-ccc8f4cf122f,matured.domains,available,19.99,56.99,high,low,7,name.com,,,18/08/2026 17:58
b69783c6-88aa-4774-9590-8c7cb27fbc50,loops.domains,available,42.99,42.99,high,low,5,namesilo,,,17/09/2026 12:15
4741b8d1-c534-4b07-876c-dbf12414cbe9,meditative.domains,available,19.99,56.99,high,low,10,name.com,,,11/08/2026 05:56
1eada387-4d1b-404b-b73b-d9e7ccd08db7,incoherent.domains,available,19.99,56.99,medium,low,10,name.com,,,22/08/2026 01:42
44bf3663-95cc-40ae-ba5a-be0f649773a1,piggy.domains,available,19.99,56.99,high,low,5,name.com,,,21/08/2026 10:19
40daf6b6-ea30-4039-840d-d34cccc244fe,evelyn.domains,available,42.99,42.99,high,low,6,namesilo,,,25/09/2026 14:39
0b35b4ed-8067-4cdb-adb5-e11346ebd9e8,hogan.domains,available,44.98,53.98,high,low,5,namecheap,,,23/09/2026 07:21
4f60a2eb-642d-4efc-a691-1149ca050737,badly.domains,available,44.98,53.98,medium,low,5,namecheap,,,22/09/2026 16:07
f27656aa-8e87-454d-b379-84b24d4afdf2,rostrum.domains,available,42.99,42.99,high,low,7,namesilo,,,18/09/2026 17:15
5f6a8baa-0974-4648-97f1-f65def06e419,lydia.domains,available,44.98,53.98,high,low,5,namecheap,,,25/09/2026 09:12
9b70038e-3d8c-4fcd-9b52-61752d0ca219,squared.domains,available,42.99,42.99,high,low,7,namesilo,,,10/09/2026 17:27
d7d83484-e8a6-4fc8-af72-9f88ef80af1e,logy.domains,available,19.99,56.99,medium,low,4,name.com,,,18/08/2026 09:55
80e16431-78dc-4610-bff6-fea1262ae07e,aubergine.domains,available,42.99,42.99,high,low,9,namesilo,,,21/09/2026 02:33
3026247f-b6ae-4d50-aa61-4cbf304afa95,dishonour.domains,available,19.99,,medium,low,9,name.com,,,
ffa8cf04-6fac-4e1f-847e-5ef3966ff73a,waggon.domains,available,44.98,53.98,high,low,6,namecheap,,,22/09/2026 19:02
6a942c8b-ebea-41f5-9552-790ffc202fb4,calamus.domains,available,42.99,42.99,medium,low,7,namesilo,,,17/09/2026 02:27
8cb435b7-e492-40e3-8806-f8218b16dc64,acetal.domains,available,42.99,42.99,medium,low,6,namesilo,,,16/09/2026 23:47
42f5a3bf-13ee-45ae-bc21-2cc38ffb31eb,knitted.domains,available,19.99,56.99,high,low,7,name.com,,,22/08/2026 16:27
a8e9d9cb-ae10-4a6f-b33c-17f992051825,observing.domains,available,42.99,42.99,high,low,9,namesilo,,,04/09/2026 00:01
b092150b-6059-49d2-a410-9acbb3ff5398,sandhopper.domains,available,42.99,42.99,medium,low,10,namesilo,,,22/09/2026 18:44
2d430604-27e6-4465-b87b-577937807be9,deficit.domains,available,19.99,,high,low,7,name.com,,,
90b4f6af-1611-44b6-aec0-da0e9620364b,resupine.domains,available,42.99,42.99,medium,low,8,namesilo,,,09/09/2026 15:30
b61a05a8-f48f-4e98-aff6-c64a3e71da03,diehard.domains,available,42.99,42.99,high,low,7,namesilo,,,11/09/2026 18:42
24ba02f4-8a4d-4d5d-9b9b-cba5ec443816,fundamentalism.domains,available,19.99,,medium,low,14,name.com,,,
a2faf46a-1fb4-4605-9fdc-fc8c9d568342,tooth.domains,available,44.98,53.98,high,low,5,namecheap,,,19/09/2026 18:20
195f6c2e-8686-44e7-8f7d-58c1a6da644f,optic.domains,available,42.99,42.99,high,low,5,namesilo,,,25/09/2026 23:58
48734d8c-ae8c-469f-8f5a-6f7be576e7b4,positivist.domains,available,42.99,42.99,high,low,10,namesilo,,,09/09/2026 00:12
2169fbfb-60bd-4905-8dcc-1083dc2350fd,somewhere.domains,available,42.99,42.99,high,low,9,namesilo,,,16/09/2026 04:14
48e13d63-fbd0-4a2a-8b04-bd3eea047114,zoo.domains,available,42.99,42.99,high,low,3,namesilo,,,26/09/2026 00:33
e4554126-8db6-4cb9-a5aa-43af30030905,digestive.domains,available,19.99,56.99,high,low,9,name.com,,,24/08/2026 15:24
d6f0d4ca-e647-4fd0-adfe-f73d94705e9b,attalea.domains,available,44.98,53.98,medium,low,7,namecheap,,,21/09/2026 01:14
d3783e07-d43b-4851-84e1-338ca6540c66,rust.domains,available,19.99,,high,low,4,name.com,,,
3e766d94-1e5f-4197-9430-59cefa09e496,backfield.domains,available,42.99,42.99,high,low,9,namesilo,,,21/09/2026 15:27
6abf947a-ba62-4cc0-8c33-0c6d345a0ad3,pent.domains,available,42.99,42.99,medium,low,4,namesilo,,,08/09/2026 14:42
57bbe559-7898-422c-9b5e-b80c41b7e6d6,rabbit.domains,available,44.98,53.98,high,low,6,namecheap,,,25/09/2026 08:52
09563e53-5c6f-460c-9f6a-6a1bd2d24dc7,flying.domains,available,44.98,53.98,high,low,6,namecheap,,,24/09/2026 17:17
f0fd0d0e-ddec-4512-9b43-1a8058412f44,rentable.domains,available,42.99,42.99,high,low,8,namesilo,,,09/09/2026 14:16
ff5fea9b-e74e-457b-a5d9-3a68f9f23dfa,ramose.domains,available,19.99,56.99,medium,low,6,name.com,,,11/08/2026 02:14
8d742ca6-2af7-4607-bb0d-e89ba4dd0063,laden.domains,available,19.99,56.99,medium,low,5,name.com,,,22/08/2026 18:30
0a2ba62b-7801-4c5a-87ec-9317f7f01e79,sweat.domains,available,19.99,,high,low,5,name.com,,,
8a70f9fe-9f5a-4fe4-85b7-b6574a92ce0f,neuter.domains,available,42.99,42.99,medium,low,6,namesilo,,,03/09/2026 16:30
e8ad97aa-87eb-4457-a04c-b758cca86439,billboard.domains,available,19.99,,high,low,9,name.com,,,
fd3241e3-e436-47f3-87f2-0a46afda8639,claudia.domains,available,19.99,56.99,high,low,7,name.com,,,25/09/2026 13:43
150633e9-43f6-45ad-8abf-0f299bd26e7c,apr.domains,available,42.99,42.99,high,low,3,namesilo,,,19/09/2026 22:28
434f6524-8190-42a5-9a43-507bbc87dbeb,fairy.domains,available,19.99,,high,low,5,name.com,,,
2b79605a-51bf-4948-86b5-1c0b8ea79635,diabolical.domains,available,19.99,56.99,medium,low,10,name.com,,,14/08/2026 01:30
a60ac171-179b-4e25-8410-f4e22eb16469,alvine.domains,available,19.99,56.99,medium,low,6,name.com,,,
05c380ad-a3b0-4092-a68c-cfc852335597,demonic.domains,available,19.99,56.99,medium,low,7,name.com,,,14/08/2026 01:26
6a86d421-9631-46bf-8462-c7260f910611,fatten.domains,available,19.99,56.99,medium,low,6,name.com,,,17/08/2026 23:09
22d60f1d-41b2-4e6a-807b-a1ad915503c3,unlivable.domains,available,42.99,42.99,medium,low,9,namesilo,,,12/09/2026 14:57
f936bb60-d1c8-48ba-b0d4-c342642cd18e,mutilated.domains,available,19.99,56.99,medium,low,9,name.com,,,24/08/2026 13:22
bfdfd0e4-ff9f-46eb-9bce-09c7f828b03b,hitch.domains,available,19.99,56.99,medium,low,5,name.com,,,20/08/2026 22:55
f310c2af-c6f7-4066-bbb3-afcd64527a0f,wiry.domains,available,42.99,42.99,medium,low,4,namesilo,,,10/09/2026 22:42
ef277399-fbdf-4edd-82f6-df023aaf9bdc,youthfully.domains,available,42.99,42.99,medium,low,10,namesilo,,,16/09/2026 11:49
e548dc33-9457-42b5-b490-c262ea7ef1ec,midautumn.domains,available,44.98,53.98,high,low,9,namecheap,,,17/09/2026 10:02
fe667793-34c7-430c-83c7-c47d91b1b2e8,dedicate.domains,available,19.99,,high,low,8,name.com,,,
bc96e92a-5ca8-46af-8cd7-2a9e5575e160,spicebush.domains,available,42.99,42.99,medium,low,9,namesilo,,,18/09/2026 20:40
8766a976-06c2-440f-b013-d3ca87b25bad,atole.domains,available,42.99,42.99,medium,low,5,namesilo,,,20/09/2026 21:52
7d761aea-f4f2-4976-9318-0340e5a09a8c,mockingly.domains,available,42.99,42.99,medium,low,9,namesilo,,,14/09/2026 12:02
5a52e5c4-a9b7-4e07-9425-3753eb9b7246,carping.domains,available,19.99,56.99,medium,low,7,name.com,,,18/08/2026 00:03
bb0e4e62-9172-452f-acaa-13199346df51,vibrate.domains,available,19.99,,high,low,7,name.com,,,
af3c09fc-7d70-4d1c-be72-8e852bc9b983,sabbatic.domains,available,42.99,42.99,medium,low,8,namesilo,,,09/09/2026 20:32
0fe5f0f0-0273-48f4-a258-41480ac20fd0,painless.domains,available,42.99,42.99,high,low,8,namesilo,,,04/09/2026 23:04
35d22a54-1363-472d-b2c8-4abe89c55821,hic.domains,available,19.99,,high,low,3,name.com,,,
1af32d60-ad88-41df-af41-e69da88eac45,restaurant.domains,premium,242,242,high,low,10,namesilo,,,25/09/2026 05:21
4e955cdd-a62d-4797-8cfb-7f3509d6f3f8,drama.domains,available,42.99,42.99,high,low,5,namesilo,,,24/09/2026 23:50
925c6c9b-0268-45ff-8495-1ee1a5c1690b,hindustani.domains,available,19.99,56.99,medium,low,10,name.com,,,21/08/2026 09:35
e0230945-36f1-4d99-bf6b-eacbb3a007af,object.domains,available,42.99,42.99,high,low,6,namesilo,,,19/09/2026 05:21
c343018a-d7a4-4c41-8644-10f71e955a99,slots.domains,available,42.99,42.99,high,low,5,namesilo,,,20/09/2026 10:58
25306f56-3b84-4c68-b160-ee98979a65ad,collide.domains,available,42.99,42.99,high,low,7,namesilo,,,24/09/2026 15:18
78fdca1c-02d0-44ec-b1c5-a3f8b460e452,segmental.domains,available,19.99,56.99,medium,low,9,name.com,,,24/08/2026 21:41
0baf5f28-ff4b-4bfa-b563-a578b774d8eb,dilatory.domains,available,19.99,56.99,medium,low,8,name.com,,,14/08/2026 07:31
2582fb29-57a0-4fca-89cd-48135e44c052,finback.domains,available,44.98,53.98,medium,low,7,namecheap,,,21/09/2026 20:44
a0ca1aae-7848-4d2e-b187-8233a2cfdc4a,gauche.domains,available,19.99,56.99,medium,low,6,name.com,,,18/08/2026 20:41
8d72a544-6e93-4267-a6f4-1a1e617d241e,staged.domains,available,44.98,53.98,high,low,6,namecheap,,,10/09/2026 18:02
4f1d0051-67a8-425a-b17d-c6db3c9ee940,bonaparte.domains,available,42.99,42.99,medium,low,9,namesilo,,,25/09/2026 00:27
1bcb62f3-a2b1-454a-a93e-5dd5d390c8bc,hie.domains,available,44.98,53.98,medium,low,3,namecheap,,,09/09/2026 19:49
e73b24d9-f913-4efa-b81d-e82808c20ad1,tellurian.domains,available,42.99,42.99,medium,low,9,namesilo,,,11/09/2026 10:37
c351afbb-06af-4fea-9e03-ff7b41a1f8e6,cased.domains,available,19.99,56.99,high,low,5,name.com,,,11/08/2026 20:04
9afab15a-c9ff-405c-b16a-18ac539ddcf7,particle.domains,available,44.98,53.98,high,low,8,namecheap,,,24/09/2026 18:19
53794b7d-c48e-4d38-a869-c8cc568115a9,booklist.domains,available,19.99,,high,low,8,name.com,,,
f594b0f7-ad4b-4b55-a199-80b26ce37779,reset.domains,available,,,high,medium,5,,,,
a6ae1a60-3493-4569-aec8-7a38876defc6,bacitracin.domains,available,42.99,42.99,high,low,10,namesilo,,,21/09/2026 14:25
cd23dc3d-08de-4f78-8f91-d16d716a0853,thwack.domains,available,42.99,42.99,medium,low,6,namesilo,,,16/09/2026 02:47
64c4e132-07e8-4051-aa99-ea5d364f18e9,unselfish.domains,available,44.98,53.98,high,low,9,namecheap,,,12/09/2026 19:16
24f6fa2a-b34e-4cf7-8429-1d2dcc8cfbb1,aboveboard.domains,available,19.99,56.99,medium,low,10,name.com,,,
9bbf0db0-f2e2-423c-9119-1a00d8261d01,brad.domains,available,42.99,42.99,high,low,4,namesilo,,,24/09/2026 07:52
3fb02dbe-374f-4636-b0c7-66aab0427c16,creamy.domains,available,19.99,56.99,high,low,6,name.com,,,13/08/2026 05:45
3a7faabc-236b-4c9f-a47c-e98b8b7d3543,scare.domains,available,44.98,53.98,high,low,5,namecheap,,,17/09/2026 14:51
1f3f9ba6-b19a-424c-a615-128374eb26d7,prototypes.domains,available,42.99,42.99,medium,low,10,namesilo,,,21/09/2026 06:44
4ba72d58-c991-41d5-a8d1-2d268bbadfac,behaviour.domains,available,42.99,42.99,high,low,9,namesilo,,,23/09/2026 03:08
9aceb634-6689-4306-a6e0-c36a920e88c4,calender.domains,available,19.99,,high,low,8,name.com,,,
d557482b-4d69-4bba-b50b-2693d1e9c6be,hiding.domains,available,42.99,42.99,high,low,6,namesilo,,,08/09/2026 11:45
1cd3454a-dfe4-4bae-a2b1-561760ee4124,thwart.domains,available,42.99,42.99,high,low,6,namesilo,,,09/09/2026 08:15
d4282d28-156d-446c-b69e-34d2914c74f4,bordeaux.domains,available,42.99,42.99,high,low,8,namesilo,,,24/09/2026 07:22
a61c11e1-1a35-456a-ab3d-98ffe1b51e50,loaded.domains,available,19.99,56.99,high,low,6,name.com,,,
70a5369c-1161-4522-9442-15fedbdb74a6,enlarge.domains,available,19.99,56.99,high,low,7,name.com,,,15/08/2026 23:49
9e9b8f7e-24bf-4845-92e8-ee1a750604bc,bosky.domains,available,19.99,56.99,medium,low,5,name.com,,,10/08/2026 20:17
60f299af-c33d-4162-9b49-deb292d30f0c,downwards.domains,available,19.99,56.99,medium,low,9,name.com,,,14/08/2026 17:16
c91e344b-05e4-4ebf-95ad-0d96a07f2fd1,plays.domains,available,19.99,56.99,medium,low,5,name.com,,,18/09/2026 05:50
1f7c7c61-dc1b-4329-ae21-d70abb809859,baguette.domains,available,19.99,,high,low,8,name.com,,,
908e3e87-32c9-47a9-b1a7-1d103c8394a7,sotho.domains,available,42.99,42.99,high,low,5,namesilo,,,10/09/2026 14:39
c0344171-06ef-431f-84ee-3a06f94616b3,portuguese.domains,resell,19.99,,high,low,10,name.com,,,25/09/2026 15:43
e9616f43-ee07-40e1-8b14-64865c86d358,momentous.domains,available,19.99,56.99,high,low,9,name.com,,,25/08/2026 03:59
636bf26b-57fa-45ea-9297-b916914a5c55,thousandth.domains,available,19.99,56.99,high,low,10,name.com,,,
358db7e0-29ac-4775-ab27-43162d85788e,barrio.domains,available,42.99,42.99,medium,low,6,namesilo,,,22/09/2026 08:38
6adbac60-da6b-4514-afab-26b1ecaefe14,offsides.domains,available,42.99,42.99,medium,low,8,namesilo,,,04/09/2026 01:40
97fd5984-6639-4e4a-a519-1b1fa49b096a,alkene.domains,available,42.99,42.99,medium,low,6,namesilo,,,18/09/2026 08:28
407ed784-e69f-4ed2-a92f-f8967d7116ed,dovish.domains,available,19.99,56.99,medium,low,6,name.com,,,14/08/2026 17:07
372fc879-cdeb-4526-af4d-5d486dbf376b,cappuccino.domains,available,19.99,,high,low,10,name.com,,,
f0137b9f-9175-4ca7-bb6c-cc0e5f8ab2f6,suicide.domains,available,42.99,42.99,high,low,7,namesilo,,,25/09/2026 05:57
298dd157-b8e4-4ead-a163-cc912f201d47,goldfish.domains,available,42.99,42.99,high,low,8,namesilo,,,24/09/2026 12:44
9e2ec541-7b5d-4533-b829-630bf96f25b2,peeled.domains,available,19.99,56.99,medium,low,6,name.com,,,08/08/2026 18:24
08903f4a-83c6-4f6f-9d0e-fcaa7eaee8fa,bleacher.domains,available,42.99,42.99,medium,low,8,namesilo,,,24/09/2026 05:15
de79405b-7364-49f6-969d-01d8a1865e71,outcast.domains,available,19.99,56.99,high,low,7,name.com,,,18/08/2026 15:35
19421deb-eeb0-48c1-94bd-2a5e25151875,croatian.domains,resell,,,high,low,8,"GoDaddy.com, LLC",19/05/2026 03:59,19/05/2027 03:59,13/08/2026 07:32
fab5a43e-66c6-42ca-97a4-fb09f06e04c8,estates.domains,available,44.98,53.98,medium,low,7,namecheap,,,18/09/2026 06:36
0ef3877f-1d61-4edf-b41a-2af820377b4d,haley.domains,available,42.99,42.99,high,low,5,namesilo,,,18/09/2026 05:45
a44edaeb-0b96-4c3e-a706-4c336886367a,bracelet.domains,available,42.99,42.99,high,low,8,namesilo,,,22/09/2026 01:56
9bf57de4-4ffc-4ac0-9b04-ba5b8034848a,ahem.domains,available,44.98,53.98,high,low,4,namecheap,,,17/09/2026 20:20
9f71a534-c7c8-4c54-a287-b4a3133a48d3,lucrative.domains,available,42.99,42.99,high,low,9,namesilo,,,25/09/2026 15:34
972d2ec5-e48f-47cf-86d7-6de4eab19c40,spiritless.domains,available,42.99,42.99,medium,low,10,namesilo,,,10/09/2026 15:54
d74e107b-62cf-41da-9666-aefb03f29dbc,frugally.domains,available,44.98,53.98,medium,low,8,namecheap,,,14/09/2026 20:25
e6132dd8-ef6b-4193-8097-6179703adf79,asphodelus.domains,available,42.99,42.99,medium,low,10,namesilo,,,20/09/2026 15:09
f58edebb-9838-480d-ba50-ac641ab60f16,hiv.domains,premium,242,242,high,low,3,namesilo,,,25/09/2026 07:23
9156c681-e9e0-4aa8-b5be-902e50b6f704,avicennia.domains,available,42.99,42.99,medium,low,9,namesilo,,,21/09/2026 09:24
f3b786cf-a09f-4530-9c53-0ece3768fd69,onymous.domains,available,42.99,42.99,medium,low,7,namesilo,,,04/09/2026 15:26
e26eb0b6-3b7a-4cc6-8f06-c9c31c5ea756,beefsteak.domains,available,44.98,53.98,high,low,9,namecheap,,,23/09/2026 01:15
7393c7b8-4282-406e-aaa6-ae19e21b105e,could.domains,available,19.99,,high,low,5,name.com,,,
de42b9f8-a5cf-4aab-be3d-b6399f0c37a4,undiluted.domains,available,42.99,42.99,medium,low,9,namesilo,,,12/09/2026 08:03
05bd93c6-cf6f-4a3a-ac8c-995fed3d1e8d,autocue.domains,available,44.98,53.98,medium,low,7,namecheap,,,21/09/2026 06:14
02f164a6-bbca-4aa5-bdf1-1a9680382781,radium.domains,available,44.98,53.98,high,low,6,namecheap,,,20/09/2026 23:59
d52f168a-9400-4ebc-84fd-3ae755ec6bd8,overactive.domains,available,19.99,56.99,medium,low,10,name.com,,,21/08/2026 16:42
593aeee2-5fa5-4949-8300-4a2b0518fc8f,nullity.domains,available,42.99,42.99,medium,low,7,namesilo,,,13/09/2026 06:33
f299f254-fd48-4d4a-ae95-7669768fbcb8,veg.domains,available,19.99,,high,low,3,name.com,,,
70aafd2b-522b-4c49-9864-29adfed0c566,aquanaut.domains,available,42.99,42.99,medium,low,8,namesilo,,,19/09/2026 22:57
bd0aef2c-bb36-4566-bb19-f7b88d8d2523,selkirk.domains,available,42.99,42.99,high,low,7,namesilo,,,18/09/2026 05:50
b15f1d0d-24b7-4032-b2b9-1a346151b425,eidetic.domains,available,19.99,56.99,medium,low,7,name.com,,,15/08/2026 19:54
941f65f2-0124-4cfb-8b44-10b0321a1cc3,judges.domains,available,19.99,,high,low,6,name.com,,,
bcc12898-a782-4bc8-86f3-95b890f73603,orangish.domains,available,42.99,42.99,medium,low,8,namesilo,,,04/09/2026 17:26
10460f7a-4261-4117-a59e-c248ecf26ae0,ilx.domains,available,19.99,56.99,medium,low,3,name.com,,,
ed5d694c-b48c-475f-8b71-e3029fbd544f,randomly.domains,available,42.99,42.99,high,low,8,namesilo,,,13/09/2026 20:35
e3b0c9f5-e4c9-4ee5-9e48-247724d93a37,underling.domains,available,42.99,42.99,medium,low,9,namesilo,,,11/09/2026 00:39
e7df85b5-d130-436e-89a2-ad4ce027f547,inscribe.domains,available,42.99,42.99,high,low,8,namesilo,,,21/09/2026 06:39
d70fab2d-fc48-40ec-b9b4-add59ad075ef,whalebone.domains,available,42.99,42.99,medium,low,9,namesilo,,,21/09/2026 21:50
b01a86db-39a5-46da-a6bd-b814a8e881bf,grandson.domains,available,19.99,,high,low,8,name.com,,,
e7eb945f-4265-4b4d-a944-6af769ca2718,rectify.domains,available,42.99,42.99,high,low,7,namesilo,,,23/09/2026 23:41
121793ad-32ad-45a7-ba6e-f0674ad557b3,ionic.domains,available,19.99,56.99,high,low,5,name.com,,,22/08/2026 09:29
bbfece2f-442a-43e2-a904-ec0392631473,medication.domains,available,19.99,,high,low,10,name.com,,,
c891e45a-30bf-4c79-a4dc-0199a2a5fe60,logistic.domains,available,19.99,56.99,high,low,8,name.com,,,24/08/2026 08:52
2cd55d7c-2669-493a-9f40-9aa180f38b82,achy.domains,available,19.99,56.99,medium,low,4,name.com,,,
48ce80e4-95f4-47e3-b414-2bf866d1a4d6,acridid.domains,available,42.99,42.99,medium,low,7,namesilo,,,17/09/2026 02:59
2d051ffb-4b42-42aa-86d2-da5d669e0d7a,aspis.domains,available,42.99,42.99,medium,low,5,namesilo,,,20/09/2026 15:24
ac37295a-c9ac-46f9-b0b0-4fcfb2a753a7,wash.domains,available,19.99,,high,low,4,name.com,,,
bae55ef2-e632-46b8-b588-14e884d5db71,cartesian.domains,available,19.99,56.99,high,low,9,name.com,,,11/08/2026 19:49
28bb6d38-cf30-4bf5-a8d9-475052cdd9f1,jinx.domains,available,19.99,56.99,high,low,4,name.com,,,21/08/2026 07:37
807fb053-5028-430d-8803-91735a94a625,fractions.domains,available,42.99,42.99,medium,low,9,namesilo,,,20/09/2026 01:27
5d7ce5db-faab-4af2-9996-8f2ee2e894df,condemn.domains,available,19.99,,medium,low,7,name.com,,,
381b7ee9-ea5f-4e97-9ed9-8f2153ea2cf9,hospitably.domains,available,42.99,42.99,high,low,10,namesilo,,,15/09/2026 01:10
67c27fbd-b59a-4630-aefb-66e385a8ff7e,ahorseback.domains,available,19.99,56.99,medium,low,10,name.com,,,
6439dbc9-43dc-4768-8545-2cbd2e562b09,fruity.domains,available,19.99,56.99,high,low,6,name.com,,,06/08/2026 21:00
1a304c57-321f-4594-8737-37cc06a719cb,westcott.domains,available,19.99,,medium,low,8,name.com,,,
24b3cd7d-f1a4-4114-8e50-61cd3d837c44,lavender.domains,available,19.99,56.99,high,low,8,name.com,,,22/08/2026 21:02
23fb80f2-150a-4211-9ef7-69f757f13098,comose.domains,available,19.99,56.99,low,low,6,name.com,,,12/08/2026 18:22
aa17615a-2fa5-46fd-a6c6-e4d9c9eee33c,dispenser.domains,available,42.99,42.99,high,low,9,namesilo,,,24/09/2026 22:56
6bec014e-9f03-4c36-8c23-409d7d804d70,profuse.domains,available,19.99,56.99,high,low,7,name.com,,,24/08/2026 11:47
c41a9c04-250d-4403-9525-c5ce2a869776,uncovered.domains,available,42.99,42.99,high,low,9,namesilo,,,12/09/2026 06:20
b7f67864-319b-49bc-afee-41e9e7158d6c,stoker.domains,available,42.99,42.99,medium,low,6,namesilo,,,16/09/2026 16:53
35e00f0c-fa1b-4094-8dc2-fcb77b542ce2,vertebrate.domains,available,42.99,42.99,medium,low,10,namesilo,,,13/09/2026 04:35
41cd41bf-2ab5-42de-aa97-a7eef33a0502,slacking.domains,available,19.99,,medium,low,8,name.com,,,
fc8feb29-e0f1-4a41-a5fc-8b8ce00b26de,migrant.domains,available,19.99,56.99,high,low,7,name.com,,,24/08/2026 22:47
d20656a1-6fe4-4cbc-b589-9c56ec07c236,llp.domains,premium,242,242,high,low,3,namesilo,,,
28929a9f-d5c1-4c49-b608-d6322d8ba977,zodiacal.domains,available,42.99,42.99,medium,low,8,namesilo,,,13/09/2026 15:23
6a5f8f13-6fbe-45e3-b2d9-c21d08822c94,decease.domains,available,44.98,53.98,medium,low,7,namecheap,,,24/09/2026 19:36
dc3910ad-3075-4518-9916-bf43d9c569ed,pretty.domains,resell,,,high,low,6,"Spaceship, Inc.",11/12/2020 20:50,11/12/2026 20:50,25/09/2026 12:04
d0d99457-8d7d-4c9b-8a3c-4271c7913e9a,rigged.domains,available,42.99,42.99,high,low,6,namesilo,,,09/09/2026 17:25
1f018e11-1118-48e2-a0a4-6c9768056053,coarse.domains,available,19.99,56.99,medium,low,6,name.com,,,12/08/2026 13:56
d061aa04-1ea2-4097-9fd1-01e6391b0b28,ante.domains,available,42.99,42.99,medium,low,4,namesilo,,,19/09/2026 12:39
48d61494-1b66-46c0-aa96-182622b6ae7c,somersault.domains,available,19.99,56.99,high,low,10,name.com,,,18/08/2026 08:25
e9c29495-deb0-42e0-9930-78b42d96db8d,thoroughly.domains,available,42.99,42.99,high,low,10,namesilo,,,14/09/2026 17:01
05e2eadc-c088-462c-bbb5-d73eb94f8adb,steep.domains,available,19.99,56.99,high,low,5,name.com,,,17/08/2026 17:40
255ec249-26b2-499f-8b53-786c4f9c6979,greed.domains,available,44.98,53.98,high,low,5,namecheap,,,21/09/2026 08:43